-- MySQL dump 10.13  Distrib 8.0.40, for Win64 (x86_64)
--
-- Host: 127.0.0.1    Database: comicola1
-- ------------------------------------------------------
-- Server version	9.1.0

/*!40101 SET @OLD_CHARACTER_SET_CLIENT=@@CHARACTER_SET_CLIENT */;
/*!40101 SET @OLD_CHARACTER_SET_RESULTS=@@CHARACTER_SET_RESULTS */;
/*!40101 SET @OLD_COLLATION_CONNECTION=@@COLLATION_CONNECTION */;
/*!50503 SET NAMES utf8 */;
/*!40103 SET @OLD_TIME_ZONE=@@TIME_ZONE */;
/*!40103 SET TIME_ZONE='+00:00' */;
/*!40014 SET @OLD_UNIQUE_CHECKS=@@UNIQUE_CHECKS, UNIQUE_CHECKS=0 */;
/*!40014 SET @OLD_FOREIGN_KEY_CHECKS=@@FOREIGN_KEY_CHECKS, FOREIGN_KEY_CHECKS=0 */;
/*!40101 SET @OLD_SQL_MODE=@@SQL_MODE, SQL_MODE='NO_AUTO_VALUE_ON_ZERO' */;
/*!40111 SET @OLD_SQL_NOTES=@@SQL_NOTES, SQL_NOTES=0 */;

--
-- Table structure for table `addressdetail`
--

DROP TABLE IF EXISTS `addressdetail`;
/*!40101 SET @saved_cs_client     = @@character_set_client */;
/*!50503 SET character_set_client = utf8mb4 */;
CREATE TABLE `addressdetail` (
  `id` int NOT NULL AUTO_INCREMENT,
  `id_user` int DEFAULT NULL,
  `firstName` varchar(50) DEFAULT NULL,
  `lastName` varchar(50) DEFAULT NULL,
  `phone_number` varchar(11) DEFAULT NULL,
  `email` varchar(150) DEFAULT NULL,
  `province` text,
  `district` text,
  `ward` text,
  `detail` text,
  `setdefault` enum('1','0') DEFAULT '0',
  PRIMARY KEY (`id`),
  KEY `address_user_idx` (`id_user`),
  CONSTRAINT `address_user` FOREIGN KEY (`id_user`) REFERENCES `user` (`id`)
) ENGINE=InnoDB AUTO_INCREMENT=5 DEFAULT CHARSET=utf8mb4 COLLATE=utf8mb4_0900_ai_ci;
/*!40101 SET character_set_client = @saved_cs_client */;

--
-- Dumping data for table `addressdetail`
--

LOCK TABLES `addressdetail` WRITE;
/*!40000 ALTER TABLE `addressdetail` DISABLE KEYS */;
INSERT INTO `addressdetail` VALUES (2,13,'Văn Trung Lê','Văn Trung Lê','0357255074','levantrung14032004@gmail.com','Tỉnh Bắc Giang','Huyện Việt Yên','Xã Ninh Sơn','ho chi minh','1'),(3,13,'Văn Trung Lê','Trung','0357255074','manunited.levantrung@gmail.com','Tỉnh Quảng Ninh','Huyện Cô Tô','Xã Thanh Lân','ho chi minh','0'),(4,15,'Nguyễn','Công Trung','0966421131','nguyencongtrung13@gmail.com','Thành phố Hồ Chí Minh','Huyện Bình Chánh','Xã Vĩnh Lộc B','tổ 10, ấp 1','1');
/*!40000 ALTER TABLE `addressdetail` ENABLE KEYS */;
UNLOCK TABLES;

--
-- Table structure for table `author`
--

DROP TABLE IF EXISTS `author`;
/*!40101 SET @saved_cs_client     = @@character_set_client */;
/*!50503 SET character_set_client = utf8mb4 */;
CREATE TABLE `author` (
  `id` int NOT NULL AUTO_INCREMENT,
  `name` varchar(50) CHARACTER SET utf8mb4 COLLATE utf8mb4_general_ci NOT NULL,
  `thumbnail` varchar(500) CHARACTER SET utf8mb4 COLLATE utf8mb4_general_ci DEFAULT NULL,
  `status` int NOT NULL,
  `information` text CHARACTER SET utf8mb4 COLLATE utf8mb4_general_ci,
  PRIMARY KEY (`id`)
) ENGINE=InnoDB AUTO_INCREMENT=15 DEFAULT CHARSET=utf8mb4 COLLATE=utf8mb4_general_ci;
/*!40101 SET character_set_client = @saved_cs_client */;

--
-- Dumping data for table `author`
--

LOCK TABLES `author` WRITE;
/*!40000 ALTER TABLE `author` DISABLE KEYS */;
INSERT INTO `author` VALUES (1,'Đặng Ngọc Minh Trang','https://imagedelivery.net/qUfEtSOHlgMQ8zObLoE0pg/5bf97135-2fec-4d82-5dd8-ef4c4967c000/w=500',1,'<h3><strong style=\"background-color: rgb(255, 255, 255); color: rgb(23, 24, 26);\">Giới thiệu về tác giả</strong></h3><p><span style=\"background-color: rgb(255, 255, 255); color: rgb(35, 35, 35);\">&nbsp;</span></p><p><a href=\"https://i0.wp.com/shop.comicola.com/wp-content/uploads/2022/09/dnmt.jpg?ssl=1\" rel=\"noopener noreferrer\" target=\"_blank\" style=\"background-color: initial; color: rgb(50, 50, 50);\"><img src=\"https://i0.wp.com/shop.comicola.com/wp-content/uploads/2022/09/dnmt.jpg?resize=500%2C339&amp;ssl=1\" height=\"339\" width=\"500\"></a></p><p><span style=\"background-color: rgb(255, 255, 255); color: rgb(35, 35, 35);\">&nbsp;</span></p><ol><li data-list=\"bullet\"><span class=\"ql-ui\" contenteditable=\"false\"></span><strong style=\"background-color: rgb(255, 255, 255); color: rgb(35, 35, 35);\">Tên:</strong><span style=\"background-color: rgb(255, 255, 255); color: rgb(35, 35, 35);\">&nbsp;Đặng Ngọc Minh Trang.</span></li><li data-list=\"bullet\"><span class=\"ql-ui\" contenteditable=\"false\"></span><strong style=\"background-color: rgb(255, 255, 255); color: rgb(35, 35, 35);\">Nickname:</strong><span style=\"background-color: rgb(255, 255, 255); color: rgb(35, 35, 35);\">&nbsp;Mèo Mun Đen.</span></li><li data-list=\"bullet\"><span class=\"ql-ui\" contenteditable=\"false\"></span><span style=\"background-color: rgb(255, 255, 255); color: rgb(35, 35, 35);\">Tốt nghiệp đại học Kiến Trúc TP. Hồ Chí Minh năm 2010, chuyên ngành Thiết kế đồ hoạ.</span></li><li data-list=\"bullet\"><span class=\"ql-ui\" contenteditable=\"false\"></span><span style=\"background-color: rgb(255, 255, 255); color: rgb(35, 35, 35);\">Bắt đầu hoạt động truyện tranh nghiêm túc bằng các tác phẩm truyện tranh thiếu nhi cộng tác với các tờ báo Rùa Vàng, Nhi Đồng, Khăn Quàng Đỏ… từ năm 2007.</span></li><li data-list=\"bullet\"><span class=\"ql-ui\" contenteditable=\"false\"></span><span style=\"background-color: rgb(255, 255, 255); color: rgb(35, 35, 35);\">Đoạt một giải nhì, hai giải ba, một giải khuyến khích Cuộc vận động sáng tác tranh truyện thiếu nhi do Hội nhà văn Đan Mạch và NXB Kim Đồng tổ chức từ năm 2008 đến năm 2011.</span></li><li data-list=\"bullet\"><span class=\"ql-ui\" contenteditable=\"false\"></span><strong style=\"background-color: rgb(255, 255, 255); color: rgb(35, 35, 35);\">Đặc điểm nhận dạng:</strong><span style=\"background-color: rgb(255, 255, 255); color: rgb(35, 35, 35);\">&nbsp;Ngắn, tròn, loi nhoi, dở hơi.</span></li><li data-list=\"bullet\"><span class=\"ql-ui\" contenteditable=\"false\"></span><span style=\"background-color: rgb(255, 255, 255); color: rgb(35, 35, 35);\">Thích ăn, ngủ, vuốt mèo và đi du lịch.</span></li><li data-list=\"bullet\"><span class=\"ql-ui\" contenteditable=\"false\"></span><strong style=\"background-color: rgb(255, 255, 255); color: rgb(35, 35, 35);\">Tác phẩm nổi bật:</strong><span style=\"background-color: rgb(255, 255, 255); color: rgb(35, 35, 35);\">&nbsp;Mật ngọt chết Mèo, Lựu đạn nhân kẹo đường, Bò Bông bôn ba, Dơi con hậu đậu, Bạn của Sâu Non.</span></li></ol><p><br></p>'),(2,'Can Tiểu Hy','https://imagedelivery.net/qUfEtSOHlgMQ8zObLoE0pg/1486a146-a908-4984-aee7-595ffd793f00/w=640',1,'<h3><strong style=\"background-color: rgb(255, 255, 255); color: rgb(23, 24, 26);\">Giới thiệu tác giả</strong></h3><ol><li data-list=\"bullet\"><span class=\"ql-ui\" contenteditable=\"false\"></span><strong style=\"background-color: rgb(255, 255, 255); color: rgb(35, 35, 35);\">Can Tiểu Hy</strong></li><li data-list=\"bullet\"><span class=\"ql-ui\" contenteditable=\"false\"></span><strong style=\"background-color: rgb(255, 255, 255); color: rgb(35, 35, 35);\">Ngày sinh:</strong><span style=\"background-color: rgb(255, 255, 255); color: rgb(35, 35, 35);\">&nbsp;14/04/1990</span></li><li data-list=\"bullet\"><span class=\"ql-ui\" contenteditable=\"false\"></span><strong style=\"background-color: rgb(255, 255, 255); color: rgb(35, 35, 35);\">Nghề nghiệp hiện tại:</strong><span style=\"background-color: rgb(255, 255, 255); color: rgb(35, 35, 35);\">&nbsp;Đi khách :v</span></li></ol><p><span style=\"background-color: rgb(255, 255, 255); color: rgb(35, 35, 35);\"><img src=\"https://i0.wp.com/shop.comicola.com/wp-content/uploads/2021/07/cantieuhy2.jpg?resize=640%2C480&amp;ssl=1\" height=\"480\" width=\"640\"></span></p><p><span style=\"background-color: rgb(255, 255, 255); color: rgb(35, 35, 35);\">Xin chào. Mình là Hy, còn gọi là Khỉ Già Bất Tử, tác giả của bộ truyện Địa Ngục Môn.</span></p><p><span style=\"background-color: rgb(255, 255, 255); color: rgb(35, 35, 35);\">Sở thích: đọc truyện, xem phim, chơi game, ngủ (không đủ 8 tiếng không dậy), vẽ. Từ ngày lầy lội thì ngoài vẽ ra những thứ còn lại đều xa vời.</span></p><p><span style=\"background-color: rgb(255, 255, 255); color: rgb(35, 35, 35);\">Ngoài Địa Ngục Môn, mình còn vài tác phẩm đã ra mắt như&nbsp;Thơ Duyên, Chuyện ở đảo Diunu, [REM],&nbsp;Tam Thế&nbsp;cùng vài chục truyện vẽ hồi nhỏ mà giếm không dám cho ai xem. Từng một thời chạy theo style mắt lấp lánh ngôi sao của Hoa hồng Véc-xây, nhờ vậy mà giờ rất thích vẽ những thứ hoa mộng lấp lánh. Nhưng cũng thích đọc truyện ma. Vậy nên hình thành sở thích vẽ ma hoa mộng lấp lánh.</span></p><p><span style=\"background-color: rgb(255, 255, 255); color: rgb(35, 35, 35);\">Từ ngày vẽ&nbsp;Địa Ngục Môn, hù người khác không bao nhiêu mà tự hù mình là chính, đến con kiến cũng ngại giết. Thích hòa bình, yêu nhân loại, tâm hồn mỏng manh.</span></p><h3><strong style=\"background-color: rgb(255, 255, 255); color: rgb(23, 24, 26);\">Thông tin báo chí</strong></h3><ol><li data-list=\"bullet\"><span class=\"ql-ui\" contenteditable=\"false\"></span><a href=\"https://dantri.com.vn/nhip-song-tre/chuyen-chua-ke-ve-co-gai-9x-gianh-giai-bac-cuoc-thi-truyen-tranh-quoc-te-2017030420432401.htm\" rel=\"noopener noreferrer\" target=\"_blank\" style=\"background-color: initial; color: rgb(50, 50, 50);\">Chuyện chưa kể về cô gái 9X giành giải Bạc cuộc thi truyện tranh quốc tế – Dân Trí</a></li><li data-list=\"bullet\"><span class=\"ql-ui\" contenteditable=\"false\"></span><a href=\"http://tuoitre.vn/tin/van-hoa-giai-tri/20161228/dia-nguc-mon-truyen-tranh-viet-doat-giai-bac-o-nhat-ban/1243729.html\" rel=\"noopener noreferrer\" target=\"_blank\" style=\"background-color: initial; color: rgb(50, 50, 50);\">Địa Ngục Môn – truyện tranh Việt đoạt giải Bạc ở Nhật Bản – Báo Tuổi Trẻ</a></li><li data-list=\"bullet\"><span class=\"ql-ui\" contenteditable=\"false\"></span><a href=\"http://vtv.vn/viet-nam-va-the-gioi/dia-nguc-mon-doat-giai-bac-cuoc-thi-truyen-tranh-quoc-te-20161229160627543.htm\" rel=\"noopener noreferrer\" target=\"_blank\" style=\"background-color: initial; color: rgb(50, 50, 50);\">“Địa Ngục Môn” đoạt giải Bạc cuộc thi truyện tranh quốc tế – VTV</a></li></ol><p><br></p>'),(3,'Châu Chặt Chém','https://imagedelivery.net/qUfEtSOHlgMQ8zObLoE0pg/6e3681fe-448b-460a-9d04-fc1719106700/w=600',1,'<h3><strong style=\"background-color: rgb(255, 255, 255); color: rgb(23, 24, 26);\">Giới thiệu về tác giả</strong></h3><ol><li data-list=\"bullet\"><span class=\"ql-ui\" contenteditable=\"false\"></span><span style=\"background-color: rgb(255, 255, 255); color: rgb(35, 35, 35);\">Tên thật:&nbsp;</span><strong style=\"background-color: rgb(255, 255, 255); color: rgb(35, 35, 35);\">Nguyễn Huỳnh Bảo Châu.</strong></li><li data-list=\"bullet\"><span class=\"ql-ui\" contenteditable=\"false\"></span><span style=\"background-color: rgb(255, 255, 255); color: rgb(35, 35, 35);\">Nghệ danh:&nbsp;</span><strong style=\"background-color: rgb(255, 255, 255); color: rgb(35, 35, 35);\">Châu Chặt Chém.</strong></li><li data-list=\"bullet\"><span class=\"ql-ui\" contenteditable=\"false\"></span><span style=\"background-color: rgb(255, 255, 255); color: rgb(35, 35, 35);\">Trước khi chính thức trở thành họa sĩ truyện tranh, cô nàng đã từng làm qua nhiều nghề part time, freelance khác như cộng tác viên viết bài cho các báo tuổi teen, viết quảng cáo,…</span></li></ol><h3><strong style=\"background-color: rgb(255, 255, 255); color: rgb(23, 24, 26);\"><img src=\"https://i0.wp.com/shop.comicola.com/wp-content/uploads/2021/06/badluck11.jpg?resize=600%2C600&amp;ssl=1\" height=\"600\" width=\"600\"></strong></h3><h3><strong style=\"background-color: rgb(255, 255, 255); color: rgb(23, 24, 26);\">Thông tin báo chí:</strong></h3><ol><li data-list=\"bullet\"><span class=\"ql-ui\" contenteditable=\"false\"></span><a href=\"https://hoahoctro.tienphong.vn/khui-bi-mat-cua-chau-chat-chem-va-truyen-tranh-moi-toanh-than-tha-thinh-post1183438.tpo\" rel=\"noopener noreferrer\" target=\"_blank\" style=\"background-color: initial; color: rgb(50, 50, 50);\">Khui bí mật của Châu Chặt Chém và truyện tranh mới toanh: “Thần Thả Thính”</a></li><li data-list=\"bullet\"><span class=\"ql-ui\" contenteditable=\"false\"></span><a href=\"https://www.yan.vn/share-your-secret-chau-chat-chem-khi-van-rui-thay-doi-cuoc-doi-236797.html\" rel=\"noopener noreferrer\" target=\"_blank\" style=\"background-color: initial; color: rgb(50, 50, 50);\">Share Your Secret: Châu Chặt Chém – Khi “Vận Rủi” thay đổi cuộc đời</a></li><li data-list=\"bullet\"><span class=\"ql-ui\" contenteditable=\"false\"></span><a href=\"https://lostbird.vn/giai-tri-cung-lac/phong-van-tac-gia-chau-chat-chem-sau-buoi-casting-dau-tien-cua-sitcom-bad-luck-103354.html\" rel=\"noopener noreferrer\" target=\"_blank\" style=\"background-color: initial; color: rgb(50, 50, 50);\">[ĐỘC QUYỀN] Phỏng vấn tác giả Châu Chặt Chém sau buổi casting đầu tiên của sitcom ‘Bad Luck’</a></li></ol><p><br></p>'),(4,'Dương Minh Đức','https://imagedelivery.net/qUfEtSOHlgMQ8zObLoE0pg/ccc02bc0-e130-491c-8dd7-c2b589872f00/w=1024,h=683',1,'<h3><strong style=\"background-color: rgb(255, 255, 255); color: rgb(23, 24, 26);\">Giới thiệu tác giả</strong></h3><ol><li data-list=\"bullet\"><span class=\"ql-ui\" contenteditable=\"false\"></span><span style=\"background-color: rgb(255, 255, 255); color: rgb(35, 35, 35);\">Tên thật: Dương Minh Đức</span></li><li data-list=\"bullet\"><span class=\"ql-ui\" contenteditable=\"false\"></span><span style=\"background-color: rgb(255, 255, 255); color: rgb(35, 35, 35);\">Sinh năm 1994, quê ở Lạng Sơn</span></li><li data-list=\"bullet\"><span class=\"ql-ui\" contenteditable=\"false\"></span><span style=\"background-color: rgb(255, 255, 255); color: rgb(35, 35, 35);\">Tác giả truyện tranh “Nhóm máu O” nói về cuộc thi Đường lên đỉnh Olympia. Dương Minh Đức từng thi đỗ ĐH Kiến trúc Hà Nội nhưng học được một năm thì rời trường vì “bị ước mơ vẽ truyện tranh nó hành cho không yên”. Đức thừa nhận trong những ngày ấy, cậu từng phụ bán hàng dù không hẳn để mưu sinh.</span></li><li data-list=\"bullet\"><span class=\"ql-ui\" contenteditable=\"false\"></span><span style=\"background-color: rgb(255, 255, 255); color: rgb(35, 35, 35);\">Cho đến khi Đức gặp được “những người cùng chí hướng” và nhất là mô hình gây quỹ cộng đồng (quyên góp tiền từ độc giả để xuất bản truyện) thì cậu như được giải thoát. Truyện tranh “Nhóm máu O” ra đời, được một nhà báo Nhật Bản đưa lên báo điện tử. Yusuke Murata – tác giả truyện tranh Nhật Bản nổi tiếng chia sẻ link bài viết trên mạng kèm lời khen bằng tiếng Việt. Với một tác giả trẻ, như thế kể cũng đã là một nguồn động viên lớn.</span></li></ol><p><span style=\"background-color: rgb(255, 255, 255); color: rgb(35, 35, 35);\"><img src=\"https://i0.wp.com/shop.comicola.com/wp-content/uploads/2021/07/16121952586321844824047.jpg?resize=660%2C440&amp;ssl=1\" height=\"440\" width=\"660\"></span></p><p><br></p>'),(5,'Dương Thạch Thảo (Nie)','https://shop.comicola.com/wp-content/uploads/2021/06/IMG_0844m-2-768x1024-1.jpg',1,'<h3><strong style=\"background-color: rgb(255, 255, 255); color: rgb(23, 24, 26);\">Giới thiệu tác giả</strong></h3><ol><li data-list=\"bullet\"><span class=\"ql-ui\" contenteditable=\"false\"></span><strong style=\"background-color: rgb(255, 255, 255); color: rgb(35, 35, 35);\">Bút danh:</strong><span style=\"background-color: rgb(255, 255, 255); color: rgb(35, 35, 35);\">&nbsp;Nie</span></li><li data-list=\"bullet\"><span class=\"ql-ui\" contenteditable=\"false\"></span><span style=\"background-color: rgb(255, 255, 255); color: rgb(35, 35, 35);\">Họ tên: Dương Thạch Thảo</span></li><li data-list=\"bullet\"><span class=\"ql-ui\" contenteditable=\"false\"></span><span style=\"background-color: rgb(255, 255, 255); color: rgb(35, 35, 35);\">Giới tính: Nữ</span></li><li data-list=\"bullet\"><span class=\"ql-ui\" contenteditable=\"false\"></span><span style=\"background-color: rgb(255, 255, 255); color: rgb(35, 35, 35);\">Các tác phẩm khác: “Bổn cô nương không cưới”, “Cây khế”, “50 sắc màu”, “Black Rose”, “Lưu Anh, nàng hình như còn chê ít phu quân!”…</span></li></ol><p><a href=\"https://i0.wp.com/shop.comicola.com/wp-content/uploads/2021/06/IMG_0844m-2-768x1024-1.jpg?ssl=1\" rel=\"noopener noreferrer\" target=\"_blank\" style=\"background-color: initial; color: var(--tb-theme-color);\"><img src=\"https://i0.wp.com/shop.comicola.com/wp-content/uploads/2021/06/IMG_0844m-2-768x1024-1.jpg?resize=768%2C1024&amp;ssl=1\" height=\"1024\" width=\"768\"></a></p><p><br></p>'),(6,'Lê Vũ Kiến Duy','https://imagedelivery.net/qUfEtSOHlgMQ8zObLoE0pg/c3653002-26f2-4ae5-c5ee-fa282fb32e00/w=400',1,'<h3><strong style=\"background-color: rgb(255, 255, 255); color: rgb(23, 24, 26);\">Giới thiệu tác giả</strong></h3><p><span style=\"background-color: rgb(255, 255, 255); color: rgb(35, 35, 35);\">&nbsp;</span></p><p><a href=\"https://i0.wp.com/shop.comicola.com/wp-content/uploads/2022/09/lvkd.jpg?ssl=1\" rel=\"noopener noreferrer\" target=\"_blank\" style=\"background-color: initial; color: rgb(50, 50, 50);\"><img src=\"https://i0.wp.com/shop.comicola.com/wp-content/uploads/2022/09/lvkd.jpg?resize=400%2C501&amp;ssl=1\" height=\"501\" width=\"400\"></a></p><p><span style=\"background-color: rgb(255, 255, 255); color: rgb(35, 35, 35);\">&nbsp;</span></p><ol><li data-list=\"bullet\"><span class=\"ql-ui\" contenteditable=\"false\"></span><strong style=\"background-color: rgb(255, 255, 255); color: rgb(35, 35, 35);\">Tác giả:</strong><span style=\"background-color: rgb(255, 255, 255); color: rgb(35, 35, 35);\">&nbsp;Lê Vũ Kiến Duy</span></li><li data-list=\"bullet\"><span class=\"ql-ui\" contenteditable=\"false\"></span><strong style=\"background-color: rgb(255, 255, 255); color: rgb(35, 35, 35);\">Ngày sinh:</strong><span style=\"background-color: rgb(255, 255, 255); color: rgb(35, 35, 35);\">&nbsp;29/11/1994</span></li><li data-list=\"bullet\"><span class=\"ql-ui\" contenteditable=\"false\"></span><span style=\"background-color: rgb(255, 255, 255); color: rgb(35, 35, 35);\">Duy từng học tại trường Đại học Kinh Tế – Luật và bắt đầu trở thành họa sĩ truyện tranh từ năm 2015</span></li></ol><p><br></p>'),(7,'Nam Thanh','https://imagedelivery.net/qUfEtSOHlgMQ8zObLoE0pg/add861e0-23c1-40c1-a007-7f89824ab100/w=360,h=360',1,'<h3><strong style=\"background-color: rgb(255, 255, 255); color: rgb(23, 24, 26);\">Giới thiệu tác giả</strong></h3><p><span style=\"background-color: rgb(255, 255, 255); color: rgb(35, 35, 35);\">&nbsp;</span></p><p><span style=\"background-color: rgb(255, 255, 255); color: rgb(35, 35, 35);\">&nbsp;</span></p><p><span style=\"background-color: rgb(255, 255, 255); color: rgb(35, 35, 35);\"><img src=\"https://i0.wp.com/shop.comicola.com/wp-content/uploads/2022/09/304933004_681430736936762_152800215813567004_n.jpg?resize=400%2C400&amp;ssl=1\" height=\"400\" width=\"400\"></span></p><p><span style=\"background-color: rgb(255, 255, 255); color: rgb(35, 35, 35);\">&nbsp;</span></p><ol><li data-list=\"bullet\"><span class=\"ql-ui\" contenteditable=\"false\"></span><span style=\"background-color: rgb(255, 255, 255); color: rgb(35, 35, 35);\">Tác giả: Nam Thanh.</span></li><li data-list=\"bullet\"><span class=\"ql-ui\" contenteditable=\"false\"></span><span style=\"background-color: rgb(255, 255, 255); color: rgb(35, 35, 35);\">Nam Thanh là tác giả sinh năm 1993, có niềm đam mê với phim ảnh và văn chương ở thể loại khoa học viễn tưởng/ huyền bí. Chương Cuối Của Mùa Hạ là tác phẩm đầu tiên của anh mang chủ đề tình cảm, đời sống thường nhật.</span></li><li data-list=\"bullet\"><span class=\"ql-ui\" contenteditable=\"false\"></span><span style=\"background-color: rgb(255, 255, 255); color: rgb(35, 35, 35);\">Hiện Nam Thanh là ký giả thời trang và đồng hồ, cộng tác cùng một số tạp chí như Elle, Harper’s Bazaar, Heritage v.v… Chủ đề thời trang thường xuyên được anh lồng ghép vào các tác phẩm của mình như một thói quen nghề nghiệp.</span></li><li data-list=\"bullet\"><span class=\"ql-ui\" contenteditable=\"false\"></span><span style=\"background-color: rgb(255, 255, 255); color: rgb(35, 35, 35);\">Tác phẩm đã xuất bản: Aftermath: Ác Quỷ Rừng Phế Tích (2020); Aftermath: Hậu Duệ Của Thép (2022)</span></li><li data-list=\"bullet\"><span class=\"ql-ui\" contenteditable=\"false\"></span><span style=\"background-color: rgb(255, 255, 255); color: rgb(35, 35, 35);\">Tác phẩm sẽ xuất bản trong thời gian tới: Thung Thượng Quỷ Dị Ký (2023)</span></li></ol><p><br></p>'),(8,'Phong Dương Comics',NULL,1,'<h3><strong style=\"background-color: rgb(255, 255, 255); color: rgb(23, 24, 26);\">Nhóm tác giả</strong></h3><h5><strong style=\"background-color: rgb(255, 255, 255); color: rgb(23, 24, 26);\">NGUYỄN THÀNH PHONG | HỌA SĨ</strong></h5><p><span style=\"background-color: rgb(255, 255, 255); color: rgb(35, 35, 35);\">Họa sĩ truyện tranh, đã đạt được nhiều giải thưởng&nbsp;về truyện tranh trong và ngoài nước. Một tác phẩm đáng chú ý&nbsp;của anh gây được thành công vang dội là ”&nbsp;</span><strong style=\"background-color: rgb(255, 255, 255); color: rgb(35, 35, 35);\">“Sát Thủ Đầu Mưng Mủ”</strong><span style=\"background-color: rgb(255, 255, 255); color: rgb(35, 35, 35);\">.</span></p><h5><strong style=\"background-color: rgb(255, 255, 255); color: rgb(23, 24, 26);\">NGUYỄN KHÁNH DƯƠNG | BIÊN KỊCH</strong></h5><p><span style=\"background-color: rgb(255, 255, 255); color: rgb(35, 35, 35);\">Người sáng lập Comicola.</span></p><h5><strong style=\"background-color: rgb(255, 255, 255); color: rgb(23, 24, 26);\">NAM THANH | TÁC GIẢ</strong></h5><p><span style=\"background-color: rgb(255, 255, 255); color: rgb(35, 35, 35);\">Tác giả Nam Thanh là cái tên còn mới trên văn đàn Việt Nam với hai tác phẩm đầu tay là Hỏi Xoắn Đáp Cong (2017) và truyện Summer Day no. 501 (2018).</span></p><h5><strong style=\"background-color: rgb(255, 255, 255); color: rgb(23, 24, 26);\">NGUYỄN MỸ ANH | HỌA SĨ</strong></h5><p><span style=\"background-color: rgb(255, 255, 255); color: rgb(35, 35, 35);\">Mỹ Anh là họa sĩ truyện tranh trẻ, nổi tiếng trong cộng đồng họa sĩ Việt Nam với nick name “Butaemon”. Hiện cô đang theo học khoa Hội họa, trường Đại học Mỹ Thuật Việt Nam. Cô đạt giải thưởng truyện tranh trên tạp chí Shonen Jump (Nhật Bản) năm 16 tuổi.</span></p><h5><strong style=\"background-color: rgb(255, 255, 255); color: rgb(23, 24, 26);\">TRẦN QUANG ĐỨC | CỐ VẤN</strong></h5><p><span style=\"background-color: rgb(255, 255, 255); color: rgb(35, 35, 35);\">Trần Quang Đức là nhà nghiên cứu sử học trẻ tuổi, tác giả cuốn sách được giải thưởng Sách Hay 2014:&nbsp;</span><strong style=\"background-color: rgb(255, 255, 255); color: rgb(35, 35, 35);\">“Ngàn năm áo mũ”</strong><span style=\"background-color: rgb(255, 255, 255); color: rgb(35, 35, 35);\">. Trong dự án lần này, anh đóng vai trò là cố vấn về trang phục, ngôn ngữ cho tác phẩm.</span></p><p><br></p>'),(9,'Tuyết Tuyết','https://imagedelivery.net/qUfEtSOHlgMQ8zObLoE0pg/ef47551f-d568-4602-c6fe-026cbda38400/w=1440',1,'<h3><strong style=\"background-color: rgb(255, 255, 255); color: rgb(23, 24, 26);\">Giới thiệu tác giả</strong></h3><ol><li data-list=\"bullet\"><span class=\"ql-ui\" contenteditable=\"false\"></span><strong style=\"background-color: rgb(255, 255, 255); color: rgb(35, 35, 35);\">Tác giả:</strong><span style=\"background-color: rgb(255, 255, 255); color: rgb(35, 35, 35);\">&nbsp;Họa sĩ Tuyết Tuyết</span></li><li data-list=\"bullet\"><span class=\"ql-ui\" contenteditable=\"false\"></span><span style=\"background-color: rgb(255, 255, 255); color: rgb(35, 35, 35);\">Năm sinh: 1993.</span></li><li data-list=\"bullet\"><span class=\"ql-ui\" contenteditable=\"false\"></span><span style=\"background-color: rgb(255, 255, 255); color: rgb(35, 35, 35);\">Cô đang sinh sống và làm việc tại Hà Nội.</span></li><li data-list=\"bullet\"><span class=\"ql-ui\" contenteditable=\"false\"></span><span style=\"background-color: rgb(255, 255, 255); color: rgb(35, 35, 35);\">Cô có một niềm say mê lịch sử Việt Nam và những câu chuyện về các triều đại phong kiến.</span></li></ol><p><span style=\"background-color: rgb(255, 255, 255); color: rgb(35, 35, 35);\"><img src=\"https://i0.wp.com/shop.comicola.com/wp-content/uploads/2021/06/78657871_2479443315507447_463602549501460480_n.jpg?resize=1440%2C1080&amp;ssl=1\" height=\"1080\" width=\"1440\"></span></p><h3><strong style=\"background-color: rgb(255, 255, 255); color: rgb(23, 24, 26);\">Thông tin báo chí</strong></h3><ol><li data-list=\"bullet\"><span class=\"ql-ui\" contenteditable=\"false\"></span><a href=\"https://www.sggp.org.vn/ra-mat-truyen-tranh-de-tai-lich-su-555514.html\" rel=\"noopener noreferrer\" target=\"_blank\" style=\"background-color: initial; color: rgb(50, 50, 50);\">Ra mắt truyện tranh đề tài lịch sử</a></li><li data-list=\"bullet\"><span class=\"ql-ui\" contenteditable=\"false\"></span><a href=\"https://zingnews.vn/doi-da-doan-nang-su-menh-cua-nu-hoang-duy-nhat-trong-lich-su-vn-post891069.html\" rel=\"noopener noreferrer\" target=\"_blank\" style=\"background-color: initial; color: rgb(50, 50, 50);\">Đời đa đoan, nặng sứ mệnh của nữ hoàng duy nhất trong lịch sử VN</a></li><li data-list=\"bullet\"><span class=\"ql-ui\" contenteditable=\"false\"></span><a href=\"https://zingnews.vn/moi-tinh-cua-vi-nu-hoang-duy-nhat-viet-nam-len-truyen-tranh-post885039.html\" rel=\"noopener noreferrer\" target=\"_blank\" style=\"background-color: initial; color: rgb(50, 50, 50);\">Mối tình của vị nữ hoàng duy nhất Việt Nam lên truyện tranh</a></li><li data-list=\"bullet\"><span class=\"ql-ui\" contenteditable=\"false\"></span><a href=\"https://cafebiz.vn/doc-dao-bo-lich-chuot-ke-chuyen-trieu-nguyen-2020010114111606.chn\" rel=\"noopener noreferrer\" target=\"_blank\" style=\"background-color: initial; color: rgb(50, 50, 50);\">Độc đáo bộ lịch chuột kể chuyện triều Nguyễn</a></li></ol><p><br></p>'),(10,'Vuy','https://imagedelivery.net/qUfEtSOHlgMQ8zObLoE0pg/c19529a1-72f5-4dc9-fddf-ca26b577a700/w=270,h=360',1,'<h3><strong style=\"background-color: rgb(255, 255, 255); color: rgb(23, 24, 26);\">Giới thiệu về tác giả</strong></h3><ol><li data-list=\"bullet\"><span class=\"ql-ui\" contenteditable=\"false\"></span><strong style=\"background-color: rgb(255, 255, 255); color: rgb(35, 35, 35);\">Tên:</strong><span style=\"background-color: rgb(255, 255, 255); color: rgb(35, 35, 35);\">&nbsp;Hoàng Tường Vy.</span></li><li data-list=\"bullet\"><span class=\"ql-ui\" contenteditable=\"false\"></span><strong style=\"background-color: rgb(255, 255, 255); color: rgb(35, 35, 35);\">Nickname:</strong><span style=\"background-color: rgb(255, 255, 255); color: rgb(35, 35, 35);\">&nbsp;Vuy.</span></li><li data-list=\"bullet\"><span class=\"ql-ui\" contenteditable=\"false\"></span><span style=\"background-color: rgb(255, 255, 255); color: rgb(35, 35, 35);\">Vy đã tốt nghiệp trường Darmstadt University of Applied Sciences (Hochschule Darmstadt) chuyên ngành Animation and Games. Hiện tại cô đã trở về Việt Nam và tiếp tục sáng tác truyện tranh.</span></li></ol><p><span style=\"background-color: rgb(255, 255, 255); color: rgb(35, 35, 35);\"><img src=\"https://i0.wp.com/shop.comicola.com/wp-content/uploads/2020/11/123566470_283229202897422_5010778521233929276_n.jpg?resize=270%2C360&amp;ssl=1\" height=\"360\" width=\"270\"></span></p><p><br></p>'),(14,'Hoàng Tường Vy','https://firebasestorage.googleapis.com/v0/b/cnpm-c8641.appspot.com/o/files%2Fauthorvy.webp?alt=media&token=ad648cc5-c694-4cc9-b3ae-bc49578a6f73',1,'<ol><li data-list=\"bullet\"><span class=\"ql-ui\" contenteditable=\"false\"></span><span style=\"color: rgb(35, 35, 35);\">Tên: Hoàng Tường Vy.</span></li><li data-list=\"bullet\"><span class=\"ql-ui\" contenteditable=\"false\"></span><span style=\"color: rgb(35, 35, 35);\">Nickname: Vuy.</span></li><li data-list=\"bullet\"><span class=\"ql-ui\" contenteditable=\"false\"></span><span style=\"color: rgb(35, 35, 35);\">Vy đã tốt nghiệp trường Darmstadt University of Applied Sciences (Hochschule Darmstadt) chuyên ngành Animation and Games. Hiện tại cô đã trở về Việt Nam và tiếp tục sáng tác truyện tranh.</span></li></ol><p><br></p>');
/*!40000 ALTER TABLE `author` ENABLE KEYS */;
UNLOCK TABLES;

--
-- Table structure for table `cart`
--

DROP TABLE IF EXISTS `cart`;
/*!40101 SET @saved_cs_client     = @@character_set_client */;
/*!50503 SET character_set_client = utf8mb4 */;
CREATE TABLE `cart` (
  `id_user` int DEFAULT NULL,
  `id_product` int DEFAULT NULL,
  `quantity` int NOT NULL,
  `price` decimal(18,2) NOT NULL,
  `total_price` decimal(18,2) NOT NULL,
  KEY `fk_cart_user` (`id_user`),
  KEY `fk_cart_product` (`id_product`),
  CONSTRAINT `fk_cart_product` FOREIGN KEY (`id_product`) REFERENCES `product` (`id`),
  CONSTRAINT `fk_cart_user` FOREIGN KEY (`id_user`) REFERENCES `user` (`id`)
) ENGINE=InnoDB DEFAULT CHARSET=utf8mb4 COLLATE=utf8mb4_0900_ai_ci;
/*!40101 SET character_set_client = @saved_cs_client */;

--
-- Dumping data for table `cart`
--

LOCK TABLES `cart` WRITE;
/*!40000 ALTER TABLE `cart` DISABLE KEYS */;
INSERT INTO `cart` VALUES (13,10,1,83460.00,83460.00);
/*!40000 ALTER TABLE `cart` ENABLE KEYS */;
UNLOCK TABLES;

--
-- Table structure for table `category`
--

DROP TABLE IF EXISTS `category`;
/*!40101 SET @saved_cs_client     = @@character_set_client */;
/*!50503 SET character_set_client = utf8mb4 */;
CREATE TABLE `category` (
  `id` int NOT NULL AUTO_INCREMENT COMMENT 'Khóa chính',
  `name` varchar(255) CHARACTER SET utf8mb4 COLLATE utf8mb4_general_ci NOT NULL COMMENT 'Tên loại',
  `status` int NOT NULL COMMENT 'Trạng thái',
  PRIMARY KEY (`id`)
) ENGINE=InnoDB AUTO_INCREMENT=11 DEFAULT CHARSET=utf8mb4 COLLATE=utf8mb4_general_ci;
/*!40101 SET character_set_client = @saved_cs_client */;

--
-- Dumping data for table `category`
--

LOCK TABLES `category` WRITE;
/*!40000 ALTER TABLE `category` DISABLE KEYS */;
INSERT INTO `category` VALUES (1,'Sách Ảnh',1),(2,'Sách Nghiên Cứu Văn Hóa - Lịch Sử',1),(3,'Tiểu Thuyết',1),(4,'Truyện Một Tập',1),(5,'Truyện Nhiều Tập',1),(6,'Truyện Tranh Nước Ngoài',1),(7,'Truyện Tranh Việt Nam',1),(8,'Truyện VN Đạt Giải Quốc Tế',1),(9,'Truyện ngắn - Tản văn - Tạp văn',0),(10,'Lê Văn',0);
/*!40000 ALTER TABLE `category` ENABLE KEYS */;
UNLOCK TABLES;

--
-- Table structure for table `company_delivery`
--

DROP TABLE IF EXISTS `company_delivery`;
/*!40101 SET @saved_cs_client     = @@character_set_client */;
/*!50503 SET character_set_client = utf8mb4 */;
CREATE TABLE `company_delivery` (
  `id` int NOT NULL AUTO_INCREMENT,
  `name` varchar(225) NOT NULL,
  `discount` float NOT NULL,
  `status` enum('running','stopped') DEFAULT 'running',
  `description` text,
  PRIMARY KEY (`id`)
) ENGINE=InnoDB AUTO_INCREMENT=9 DEFAULT CHARSET=utf8mb4 COLLATE=utf8mb4_0900_ai_ci;
/*!40101 SET character_set_client = @saved_cs_client */;

--
-- Dumping data for table `company_delivery`
--

LOCK TABLES `company_delivery` WRITE;
/*!40000 ALTER TABLE `company_delivery` DISABLE KEYS */;
INSERT INTO `company_delivery` VALUES (1,'Nhà xuất bản Hồng Hạc',4,'stopped','Liên hệ qua: 0967435226| Địa chỉ: 27/8 Lạc Long Quân, phường 5, quận 11, TP.Hồ Chí Minh'),(2,'Nhà xuất bản Sự Thật',7,'stopped','Liên hệ qua: 0967435226| Địa chỉ: 273 An Dương Vương, quận 5, TP.Hồ Chí Minh'),(3,'Nhà xuất bản Kim Đồng',4,'running','Trụ sở chính ở Hà Nội'),(4,'Nhà Xuất Bản Tp.HCM',5,'stopped','Trụ sợ chính tại Hồ Chí Minh'),(6,'Tao ten la',4,'running','Dang test tho ma'),(7,'Lê Văn Trung',15,'running','Nha o binh thuan'),(8,'Lê Văn Trung',15,'running','Nha o binh thuan');
/*!40000 ALTER TABLE `company_delivery` ENABLE KEYS */;
UNLOCK TABLES;

--
-- Table structure for table `coupon`
--

DROP TABLE IF EXISTS `coupon`;
/*!40101 SET @saved_cs_client     = @@character_set_client */;
/*!50503 SET character_set_client = utf8mb4 */;
CREATE TABLE `coupon` (
  `id` int NOT NULL AUTO_INCREMENT,
  `coupon_code` varchar(50) DEFAULT NULL,
  `discount_value` varchar(50) DEFAULT NULL,
  `created_date` date DEFAULT NULL,
  `expiration_date` date DEFAULT NULL,
  `value_apply` decimal(18,2) DEFAULT NULL,
  `dropTime` date DEFAULT NULL,
  `max_apply` decimal(18,2) DEFAULT NULL,
  `status` int DEFAULT '1',
  PRIMARY KEY (`id`)
) ENGINE=InnoDB AUTO_INCREMENT=13 DEFAULT CHARSET=utf8mb4 COLLATE=utf8mb4_0900_ai_ci;
/*!40101 SET character_set_client = @saved_cs_client */;

--
-- Dumping data for table `coupon`
--

LOCK TABLES `coupon` WRITE;
/*!40000 ALTER TABLE `coupon` DISABLE KEYS */;
INSERT INTO `coupon` VALUES (1,'C001','12%','2024-09-16','2025-09-16',500000.00,'2024-12-03',2000000.00,1),(2,'C002','15%','2024-09-16','2025-09-16',1500000.00,'2024-11-14',5000000.00,1),(3,'C003','100%','2024-09-16','2025-09-16',10000.00,'2024-11-14',150000.00,1),(4,'HINEWMEMBER','10%',NULL,'2026-06-06',200000.00,'2024-11-14',1000000.00,0),(11,'UUDAI1111','10%',NULL,'2024-11-15',10000.00,'2024-11-14',200000.00,1),(12,'UUDAICUOINAM','12%',NULL,'2024-11-29',10000.00,'2024-11-14',200000.00,0);
/*!40000 ALTER TABLE `coupon` ENABLE KEYS */;
UNLOCK TABLES;

--
-- Table structure for table `coupon_for_user`
--

DROP TABLE IF EXISTS `coupon_for_user`;
/*!40101 SET @saved_cs_client     = @@character_set_client */;
/*!50503 SET character_set_client = utf8mb4 */;
CREATE TABLE `coupon_for_user` (
  `id_user` int NOT NULL,
  `id_coupon` int NOT NULL,
  `status` int DEFAULT NULL,
  KEY `fk_coupon_for_user` (`id_user`),
  KEY `fk_coupon_id` (`id_coupon`),
  CONSTRAINT `fk_coupon_for_user` FOREIGN KEY (`id_user`) REFERENCES `user` (`id`),
  CONSTRAINT `fk_coupon_id` FOREIGN KEY (`id_coupon`) REFERENCES `coupon` (`id`)
) ENGINE=InnoDB DEFAULT CHARSET=utf8mb4 COLLATE=utf8mb4_0900_ai_ci;
/*!40101 SET character_set_client = @saved_cs_client */;

--
-- Dumping data for table `coupon_for_user`
--

LOCK TABLES `coupon_for_user` WRITE;
/*!40000 ALTER TABLE `coupon_for_user` DISABLE KEYS */;
INSERT INTO `coupon_for_user` VALUES (13,4,0),(13,1,0),(13,3,1),(13,11,0),(13,12,0),(14,4,0),(13,1,0),(14,1,0),(15,4,1);
/*!40000 ALTER TABLE `coupon_for_user` ENABLE KEYS */;
UNLOCK TABLES;

--
-- Table structure for table `employee`
--

DROP TABLE IF EXISTS `employee`;
/*!40101 SET @saved_cs_client     = @@character_set_client */;
/*!50503 SET character_set_client = utf8mb4 */;
CREATE TABLE `employee` (
  `id` int NOT NULL AUTO_INCREMENT,
  `role_id` int NOT NULL,
  `fullname` varchar(50) CHARACTER SET utf8mb4 COLLATE utf8mb4_general_ci NOT NULL,
  `email` varchar(150) CHARACTER SET utf8mb4 COLLATE utf8mb4_general_ci NOT NULL,
  `password` varchar(255) CHARACTER SET utf8mb4 COLLATE utf8mb4_general_ci NOT NULL,
  `phone_number` varchar(20) CHARACTER SET utf8mb4 COLLATE utf8mb4_general_ci NOT NULL,
  `address` varchar(200) CHARACTER SET utf8mb4 COLLATE utf8mb4_general_ci NOT NULL,
  `status` int NOT NULL,
  `refreshToken` text CHARACTER SET utf8mb4 COLLATE utf8mb4_general_ci,
  PRIMARY KEY (`id`),
  UNIQUE KEY `email_UNIQUE` (`email`),
  KEY `fk_emloyee_role` (`role_id`)
) ENGINE=InnoDB AUTO_INCREMENT=19 DEFAULT CHARSET=utf8mb4 COLLATE=utf8mb4_general_ci;
/*!40101 SET character_set_client = @saved_cs_client */;

--
-- Dumping data for table `employee`
--

LOCK TABLES `employee` WRITE;
/*!40000 ALTER TABLE `employee` DISABLE KEYS */;
INSERT INTO `employee` VALUES (6,2,'Man United','manunited.levantrung@gmail.com','$2b$10$0mRpPxVvbsQkORlQHwF3cul6TkU.e7zWsIwkH8C974wg9CQCPFDk2','0976335338','Binh Thuan',1,'eyJhbGciOiJIUzI1NiIsInR5cCI6IkpXVCJ9.eyJpZCI6Niwicm9sZV9pZCI6MiwiZW1haWwiOiJtYW51bml0ZWQubGV2YW50cnVuZ0BnbWFpbC5jb20iLCJwYXNzd29yZCI6IiQyYiQxMCQwbVJwUHhWdmJzUWtPUmxRSHdGM2N1bDZUa1UuZTd6V3NJd2tIOEM5NzR3ZzlDUUNQRkRrMiIsImlhdCI6MTczMzI4OTY5NywiZXhwIjoxNzMzODk0NDk3fQ.MBPcSnl08Z4Aib-8TuRVHIUivDC0QqkYk_mHzv1HFv4'),(13,2,'Admin','admin@gmail.com','$2b$10$XFvUwj18pZt5e4BWXzhXZ.ysw1X.2mAwibflf6GD9L8NE1qKeBQZK','0357255067','ho chi minh',1,NULL),(16,4,'Nguyễn Tiến Đạt','quanly@gmail.com','$2b$10$Xyezgk4E//dgujK3Vj36GOH7ozoYRkBxntwMXwnTpipH6DnH3EASW','0912312345','tpHCM',1,'eyJhbGciOiJIUzI1NiIsInR5cCI6IkpXVCJ9.eyJpZCI6MTYsInJvbGVfaWQiOjQsImVtYWlsIjoicXVhbmx5QGdtYWlsLmNvbSIsInBhc3N3b3JkIjoiJDJiJDEwJFh5ZXpnazRFLy9kZ3VqSzNWajM2R09IN296b1lSa0J4bnR3TVh3blRwaXBINkRuSDNFQVNXIiwiaWF0IjoxNzMzNzEwNzgxLCJleHAiOjE3MzQzMTU1ODF9.TCINX68F4bp_9q7o-OxFOre7mbXrDitlYPWvzElZaiw'),(17,7,'Nguyễn Hoàng Thịnh','thinh@gmail.com','$2b$10$SnGmhjCrsBWb5d8ZWPh.z.rX4AAubEDgl0bbekEDmnn/Yegg3jv/C','0912319393','tpHCM',1,NULL),(18,3,'Nguyễn Công Trung','trung@gmail.com','$2b$10$lzWRyysmqtn1rhJzEuNOI.XeuvdBY5KbsA2iTCnLHMoMV1yFwKaVS','0912311113','tpHCM',1,NULL);
/*!40000 ALTER TABLE `employee` ENABLE KEYS */;
UNLOCK TABLES;

--
-- Table structure for table `gallery`
--

DROP TABLE IF EXISTS `gallery`;
/*!40101 SET @saved_cs_client     = @@character_set_client */;
/*!50503 SET character_set_client = utf8mb4 */;
CREATE TABLE `gallery` (
  `id` int NOT NULL AUTO_INCREMENT COMMENT 'Khóa chính',
  `product_id` int NOT NULL COMMENT 'Khóa ngoại tham chiếu đến bảng products',
  `thumbnail` varchar(500) CHARACTER SET utf8mb4 COLLATE utf8mb4_general_ci NOT NULL COMMENT 'Hình ảnh thu nhỏ',
  `status` int NOT NULL COMMENT 'Trạng thái',
  PRIMARY KEY (`id`),
  KEY `fk_gallery_products` (`product_id`),
  CONSTRAINT `fk_gallery_products` FOREIGN KEY (`product_id`) REFERENCES `product` (`id`)
) ENGINE=InnoDB AUTO_INCREMENT=161 DEFAULT CHARSET=utf8mb4 COLLATE=utf8mb4_general_ci;
/*!40101 SET character_set_client = @saved_cs_client */;

--
-- Dumping data for table `gallery`
--

LOCK TABLES `gallery` WRITE;
/*!40000 ALTER TABLE `gallery` DISABLE KEYS */;
INSERT INTO `gallery` VALUES (1,1,'https://imagedelivery.net/qUfEtSOHlgMQ8zObLoE0pg/35919ba9-2db2-4cdf-6fa8-871469353800/w=705',1),(2,1,'https://imagedelivery.net/qUfEtSOHlgMQ8zObLoE0pg/99ca76f4-0425-4504-4dee-c2b948384000/w=705',1),(3,1,'https://imagedelivery.net/qUfEtSOHlgMQ8zObLoE0pg/bea8ff25-482d-4b07-7f11-b39609bc7400/w=705',1),(4,1,'https://imagedelivery.net/qUfEtSOHlgMQ8zObLoE0pg/142c6a82-d10d-4f09-9915-3602425f2500/w=705',1),(5,1,'https://imagedelivery.net/qUfEtSOHlgMQ8zObLoE0pg/650ab3db-f83e-4cc9-7e2d-11a221b93000/w=705',1),(6,2,'https://imagedelivery.net/qUfEtSOHlgMQ8zObLoE0pg/983fdd36-45d2-4abc-831c-2641efcb7d00/w=705',1),(7,2,'https://imagedelivery.net/qUfEtSOHlgMQ8zObLoE0pg/332109a0-8660-4dd0-66bc-0d49b8f99b00/w=705',1),(8,2,'https://imagedelivery.net/qUfEtSOHlgMQ8zObLoE0pg/6c956207-7871-4602-926b-3520e5e85a00/w=705',1),(9,2,'https://imagedelivery.net/qUfEtSOHlgMQ8zObLoE0pg/8f516850-621e-4585-65b9-272974bfff00/w=705',1),(10,2,'https://imagedelivery.net/qUfEtSOHlgMQ8zObLoE0pg/8a0a193e-0c0d-4a61-48e7-899f2a59fc00/w=705',1),(11,3,'https://imagedelivery.net/qUfEtSOHlgMQ8zObLoE0pg/ef280a01-24ac-4894-843f-3ccef4fc3f00/w=705',1),(12,3,'https://imagedelivery.net/qUfEtSOHlgMQ8zObLoE0pg/702f66a4-525b-482c-f1a1-469408d4ef00/w=210',1),(13,3,'https://imagedelivery.net/qUfEtSOHlgMQ8zObLoE0pg/3fb5c2a6-51aa-4ad2-ebb2-93641d691000/w=705',1),(14,3,'https://imagedelivery.net/qUfEtSOHlgMQ8zObLoE0pg/7f6a123d-605d-4108-bfae-2f2be8242f00/w=705',1),(15,3,'https://imagedelivery.net/qUfEtSOHlgMQ8zObLoE0pg/06c9ad48-0349-4d21-75b4-4d04e89a0600/w=705',1),(16,3,'https://imagedelivery.net/qUfEtSOHlgMQ8zObLoE0pg/91dd15a4-4cb6-4382-fd57-eb2c4baa2500/w=705',1),(17,3,'https://imagedelivery.net/qUfEtSOHlgMQ8zObLoE0pg/51a1ec9c-6c2c-4cf9-f819-b7f78edc4200/w=705',1),(18,4,'https://imagedelivery.net/qUfEtSOHlgMQ8zObLoE0pg/bf1502ce-cede-433d-e678-82bdfb352500/w=705',1),(19,4,'https://imagedelivery.net/qUfEtSOHlgMQ8zObLoE0pg/2e94b8ff-3ed2-4217-32af-cdf5e5e00b00/w=705',1),(20,4,'https://imagedelivery.net/qUfEtSOHlgMQ8zObLoE0pg/eca15aad-2b60-457e-a0dd-afbd7da97900/w=705',1),(21,4,'https://imagedelivery.net/qUfEtSOHlgMQ8zObLoE0pg/7d721d60-6e20-45eb-6e08-b6431aba0600/w=705',1),(22,5,'https://imagedelivery.net/qUfEtSOHlgMQ8zObLoE0pg/a230721c-e62a-41df-65de-2a5822ddec00/w=705',1),(23,5,'https://imagedelivery.net/qUfEtSOHlgMQ8zObLoE0pg/952e46de-579b-4b4d-c38c-0417c9c6e400/w=705',1),(24,5,'https://imagedelivery.net/qUfEtSOHlgMQ8zObLoE0pg/c7871acd-28f1-451a-d527-3a749d539200/w=705',1),(25,5,'https://imagedelivery.net/qUfEtSOHlgMQ8zObLoE0pg/a5350291-d912-428c-9daa-00acc48aff00/w=705',1),(26,5,'https://imagedelivery.net/qUfEtSOHlgMQ8zObLoE0pg/aa3e2e78-8e76-4ee3-86bc-40386272fa00/w=705',1),(27,5,'https://imagedelivery.net/qUfEtSOHlgMQ8zObLoE0pg/72f6bf65-55f3-4a73-8a53-2bb8ea634700/w=705',1),(28,6,'https://imagedelivery.net/qUfEtSOHlgMQ8zObLoE0pg/bec5a347-adf6-46b7-46f2-92c5cf2f5000/w=705',1),(29,6,'https://imagedelivery.net/qUfEtSOHlgMQ8zObLoE0pg/74708cc5-6fd3-4f98-f0f9-1e0d17e1b900/w=705',1),(30,7,'https://imagedelivery.net/qUfEtSOHlgMQ8zObLoE0pg/56b0b4b6-f833-46d6-47e7-08ba5a4d2100/w=705',1),(31,7,'https://imagedelivery.net/qUfEtSOHlgMQ8zObLoE0pg/4d7aea10-b303-4679-9165-18187e126c00/w=705',1),(32,8,'https://imagedelivery.net/qUfEtSOHlgMQ8zObLoE0pg/878c7553-6989-4a79-1036-353847ab6500/w=705',1),(33,8,'https://imagedelivery.net/qUfEtSOHlgMQ8zObLoE0pg/8916ef30-9278-42a4-3ed8-ac28d4938400/w=705',1),(34,9,'https://imagedelivery.net/qUfEtSOHlgMQ8zObLoE0pg/5daf7980-155c-4d08-27d9-cbce007bcb00/w=705',1),(35,9,'https://imagedelivery.net/qUfEtSOHlgMQ8zObLoE0pg/4585e69a-156b-4f65-fbbe-1f28c2d88300/w=705',1),(36,10,'https://imagedelivery.net/qUfEtSOHlgMQ8zObLoE0pg/f9e27daa-40cf-499a-a246-b166f5634100/w=705',1),(37,10,'https://imagedelivery.net/qUfEtSOHlgMQ8zObLoE0pg/7eb16712-39e8-491e-0964-38ce1dbc1100/w=705',1),(38,11,'https://imagedelivery.net/qUfEtSOHlgMQ8zObLoE0pg/6e2ea6c4-4399-4765-b466-61522587e900/w=705',1),(39,11,'https://imagedelivery.net/qUfEtSOHlgMQ8zObLoE0pg/50359a21-fc23-4f1f-7d5f-192742285e00/w=705',1),(40,11,'https://imagedelivery.net/qUfEtSOHlgMQ8zObLoE0pg/5acd5c20-86c5-4ad2-b18b-4be201ad1400/w=705',1),(41,12,'https://imagedelivery.net/qUfEtSOHlgMQ8zObLoE0pg/80f4eb54-1321-4f3a-c152-1b11c8017f00/w=705',1),(42,12,'https://imagedelivery.net/qUfEtSOHlgMQ8zObLoE0pg/4bfde984-0b75-453f-fbd3-39b96bc20700/w=705',1),(43,12,'https://imagedelivery.net/qUfEtSOHlgMQ8zObLoE0pg/484390a2-fde0-423c-fc65-695f85be9c00/w=705',1),(44,12,'https://imagedelivery.net/qUfEtSOHlgMQ8zObLoE0pg/41593293-41f9-4f64-6952-00a28e2dd900/w=705',1),(45,13,'https://imagedelivery.net/qUfEtSOHlgMQ8zObLoE0pg/85a47ea9-ec69-4447-38b1-32941e7c3a00/w=705',1),(46,13,'https://imagedelivery.net/qUfEtSOHlgMQ8zObLoE0pg/1441e3d8-24bb-4c46-d18e-58f45378e600/w=705',1),(47,13,'https://imagedelivery.net/qUfEtSOHlgMQ8zObLoE0pg/04a74c31-85ee-40dd-a50c-aa1d3d477300/w=705',1),(48,13,'https://imagedelivery.net/qUfEtSOHlgMQ8zObLoE0pg/5bb78ec7-cd11-49f1-3085-9a27f5088000/w=705',1),(49,13,'https://imagedelivery.net/qUfEtSOHlgMQ8zObLoE0pg/42e40be3-9030-4a89-7f56-d03c947b9d00/w=705',1),(50,13,'https://imagedelivery.net/qUfEtSOHlgMQ8zObLoE0pg/b15a3a7e-0b3a-4fe6-7799-49135ca35c00/w=705',1),(51,14,'https://shop.comicola.com/wp-content/uploads/2024/03/BL07_NEN-XAM_7.png',1),(52,14,'https://shop.comicola.com/wp-content/uploads/2024/03/BL07_NEN-XAM_6.png',1),(53,14,'https://shop.comicola.com/wp-content/uploads/2024/03/BL07_NEN-XAM_4.png',1),(54,14,'https://shop.comicola.com/wp-content/uploads/2024/03/BL07_NEN-XAM_5.png',1),(55,14,'https://shop.comicola.com/wp-content/uploads/2024/03/BL07_NEN-XAM_2.png',1),(56,14,'https://shop.comicola.com/wp-content/uploads/2024/03/BL07_NEN-XAM_9.png',1),(57,14,'https://shop.comicola.com/wp-content/uploads/2024/03/BL07_NEN-XAM_8.png',1),(58,14,'https://shop.comicola.com/wp-content/uploads/2024/03/BL07_NEN-XAM_3.png',1),(59,15,'https://imagedelivery.net/qUfEtSOHlgMQ8zObLoE0pg/ca251129-fbf8-44fe-66a7-1acd78e2cd00/w=705',1),(60,15,'https://imagedelivery.net/qUfEtSOHlgMQ8zObLoE0pg/2257a019-eafc-4d52-86b4-bd9d75736400/w=705',1),(61,15,'https://imagedelivery.net/qUfEtSOHlgMQ8zObLoE0pg/ea6a5ceb-41ce-49b2-59ce-f74d34185f00/w=705',1),(62,15,'https://imagedelivery.net/qUfEtSOHlgMQ8zObLoE0pg/8fadf8bb-08b5-4cce-9c5d-39c0c09f7200/w=705',1),(63,15,'https://imagedelivery.net/qUfEtSOHlgMQ8zObLoE0pg/a3cc6bfb-6c7c-482b-c1fe-636e8a8b7500/w=705',1),(64,15,'https://imagedelivery.net/qUfEtSOHlgMQ8zObLoE0pg/59cc77e3-8ae4-42db-5faa-9202a0e3f400/w=705',1),(65,15,'https://imagedelivery.net/qUfEtSOHlgMQ8zObLoE0pg/3328ab00-26eb-43b9-b96d-a31baec08300/w=705',1),(66,15,'https://imagedelivery.net/qUfEtSOHlgMQ8zObLoE0pg/7f8513ca-8399-4f35-ef0e-b97a8d6a4400/w=705',1),(67,16,'https://imagedelivery.net/qUfEtSOHlgMQ8zObLoE0pg/a329e809-ea00-42b3-f40f-8cbca961b400/w=705',1),(68,16,'https://imagedelivery.net/qUfEtSOHlgMQ8zObLoE0pg/8f4eda03-1a54-47db-f9c7-ab77e703f300/w=705',1),(69,17,'https://imagedelivery.net/qUfEtSOHlgMQ8zObLoE0pg/ad9ef303-b9ec-47dd-4170-41f59211fa00/w=210',1),(70,17,'https://imagedelivery.net/qUfEtSOHlgMQ8zObLoE0pg/2a19ec35-5d3b-40af-6989-de3f37b7f300/w=210',1),(71,17,'https://imagedelivery.net/qUfEtSOHlgMQ8zObLoE0pg/9bdea042-9f1d-4ab7-1c0b-4b760dd27800/w=210',1),(72,17,'https://imagedelivery.net/qUfEtSOHlgMQ8zObLoE0pg/6836c4ed-e1d4-4baf-c763-1d15a317bc00/w=210',1),(73,18,'https://imagedelivery.net/qUfEtSOHlgMQ8zObLoE0pg/bb384de1-8f08-476e-5af3-3c6a88367200/w=210',1),(74,18,'https://imagedelivery.net/qUfEtSOHlgMQ8zObLoE0pg/33322b41-a0b3-4ce0-2995-1df19abd1100/w=210',1),(75,18,'https://imagedelivery.net/qUfEtSOHlgMQ8zObLoE0pg/e5f51056-ec8c-447e-6f58-4712460f5600/w=210',1),(76,18,'https://imagedelivery.net/qUfEtSOHlgMQ8zObLoE0pg/b0f30ce7-1868-4bca-d333-8c9dd5090d00/w=210',1),(77,19,'https://imagedelivery.net/qUfEtSOHlgMQ8zObLoE0pg/9c5ea263-2643-4bdb-0ed5-566d34ab3100/w=210',1),(78,19,'https://imagedelivery.net/qUfEtSOHlgMQ8zObLoE0pg/489712a5-b4ba-471e-7e3b-6d23beb7e300/w=210',1),(79,19,'https://imagedelivery.net/qUfEtSOHlgMQ8zObLoE0pg/99bd7dfa-0c2c-442c-0d9b-9555cf59aa00/w=210',1),(80,19,'https://imagedelivery.net/qUfEtSOHlgMQ8zObLoE0pg/d2acd69a-f74c-411e-17e8-9bce20948600/w=210',1),(81,19,'https://imagedelivery.net/qUfEtSOHlgMQ8zObLoE0pg/6ad8f3ba-5922-4552-a698-956896399800/w=210',1),(82,19,'https://imagedelivery.net/qUfEtSOHlgMQ8zObLoE0pg/03bb5547-998c-418e-28e6-564e1321bf00/w=210',1),(83,19,'https://imagedelivery.net/qUfEtSOHlgMQ8zObLoE0pg/559c46ca-a37b-4c77-72ba-14c589699e00/w=210',1),(84,19,'https://imagedelivery.net/qUfEtSOHlgMQ8zObLoE0pg/69ec5069-11e4-47a5-884a-cf8da08e2000/w=210',1),(85,19,'https://imagedelivery.net/qUfEtSOHlgMQ8zObLoE0pg/e18ca8a9-353a-4204-ffe3-92e8f889a700/w=210',1),(86,19,'https://imagedelivery.net/qUfEtSOHlgMQ8zObLoE0pg/3ffdb4b6-9d6b-46df-16c8-42381233eb00/w=210',1),(87,19,'https://imagedelivery.net/qUfEtSOHlgMQ8zObLoE0pg/739f57d5-2fbb-469e-ce7b-7a40f3a6e100/w=210',1),(88,19,'https://imagedelivery.net/qUfEtSOHlgMQ8zObLoE0pg/a8a1d1d1-6596-43d5-c86c-ec3c3240da00/w=210',1),(89,20,'https://imagedelivery.net/qUfEtSOHlgMQ8zObLoE0pg/6d9f21c3-6a6f-4084-c58c-527ae106c400/w=705',1),(90,20,'https://imagedelivery.net/qUfEtSOHlgMQ8zObLoE0pg/50ada5c6-07b4-43a0-0524-57c97176bb00/w=705',1),(91,20,'https://imagedelivery.net/qUfEtSOHlgMQ8zObLoE0pg/01cdfffd-d33b-41a9-8719-0fdc92af8100/w=705',1),(92,20,'https://imagedelivery.net/qUfEtSOHlgMQ8zObLoE0pg/8506f5eb-81f2-4d06-902d-4854307efd00/w=705',1),(93,20,'https://imagedelivery.net/qUfEtSOHlgMQ8zObLoE0pg/53a3709d-28d1-43af-e2c7-8adc457e8d00/w=705',1),(94,20,'https://imagedelivery.net/qUfEtSOHlgMQ8zObLoE0pg/b3f6f4fc-375f-4cab-7e58-cc5e50d35800/w=705',1),(95,21,'https://imagedelivery.net/qUfEtSOHlgMQ8zObLoE0pg/0f02e705-8a5b-42ee-5791-019608ffc900/w=210',1),(96,21,'https://imagedelivery.net/qUfEtSOHlgMQ8zObLoE0pg/1d479906-1abd-4aea-84ba-9c6b00669500/w=210',1),(97,22,'https://imagedelivery.net/qUfEtSOHlgMQ8zObLoE0pg/6d7057f9-d429-40f9-2f1e-7fdf2b837800/w=705',1),(98,22,'https://imagedelivery.net/qUfEtSOHlgMQ8zObLoE0pg/f77c1fe1-2619-4c69-b88a-1243be045a00/w=705',1),(99,22,'https://imagedelivery.net/qUfEtSOHlgMQ8zObLoE0pg/efcd2421-1d06-4f94-1fd0-f197880d9900/w=705',1),(100,22,'https://imagedelivery.net/qUfEtSOHlgMQ8zObLoE0pg/545e7f8c-0fe8-47d3-2170-f400238ee200/w=705',1),(101,22,'https://imagedelivery.net/qUfEtSOHlgMQ8zObLoE0pg/5f7a9c2e-6f08-4a86-727a-12e77c466400/w=705',1),(102,23,'https://imagedelivery.net/qUfEtSOHlgMQ8zObLoE0pg/f77c1fe1-2619-4c69-b88a-1243be045a00/w=705',1),(103,23,'https://imagedelivery.net/qUfEtSOHlgMQ8zObLoE0pg/efcd2421-1d06-4f94-1fd0-f197880d9900/w=705',1),(104,23,'https://imagedelivery.net/qUfEtSOHlgMQ8zObLoE0pg/591844c0-e80e-4552-194e-47cca1353a00/w=705',1),(105,23,'https://imagedelivery.net/qUfEtSOHlgMQ8zObLoE0pg/66992ca1-31b8-4ed7-859a-1b6f9e368800/w=705',1),(106,23,'https://imagedelivery.net/qUfEtSOHlgMQ8zObLoE0pg/53dc6a58-e99e-42e3-00e0-aca4bb908c00/w=705',1),(107,23,'https://shop.comicola.com/wp-content/uploads/2022/09/DB_mat-sau.jpg',1),(108,23,'https://imagedelivery.net/qUfEtSOHlgMQ8zObLoE0pg/287f739f-cc16-4b6d-f8a2-b6e3014bf800/w=705',1),(109,24,'https://imagedelivery.net/qUfEtSOHlgMQ8zObLoE0pg/792e5ba1-8b8f-4125-246d-f449b5ab3700/w=705',1),(110,24,'https://imagedelivery.net/qUfEtSOHlgMQ8zObLoE0pg/cc0c590c-62cb-42bf-a7bc-c7928f686100/w=705',1),(111,25,'https://imagedelivery.net/qUfEtSOHlgMQ8zObLoE0pg/099a5de4-8e7e-4da8-1baf-d4f477c1e800/w=705',1),(112,25,'https://imagedelivery.net/qUfEtSOHlgMQ8zObLoE0pg/0b38fbe4-fb35-4a03-1481-dc987806e100/w=705',1),(113,26,'https://imagedelivery.net/qUfEtSOHlgMQ8zObLoE0pg/18c1a939-c2b9-4545-19e4-73227444dd00/w=705',1),(114,26,'https://imagedelivery.net/qUfEtSOHlgMQ8zObLoE0pg/492aab84-9f70-4031-f4b7-82231b4d0800/w=705',1),(115,27,'https://imagedelivery.net/qUfEtSOHlgMQ8zObLoE0pg/c51c2cf2-658b-42f6-e91c-c8d09ff1b600/w=705',1),(116,27,'https://imagedelivery.net/qUfEtSOHlgMQ8zObLoE0pg/2b1a82d4-8d56-4d2f-3800-f4e82df72d00/w=705',1),(117,27,'https://imagedelivery.net/qUfEtSOHlgMQ8zObLoE0pg/f3917510-763c-473d-547c-cb6e1ed34700/w=705',1),(118,27,'https://imagedelivery.net/qUfEtSOHlgMQ8zObLoE0pg/04841b27-a3c0-4a12-0dfb-41debc3b6300/w=705',1),(119,27,'https://imagedelivery.net/qUfEtSOHlgMQ8zObLoE0pg/0c7252cf-100d-45a3-3883-39eba3120900/w=705',1),(120,28,'https://imagedelivery.net/qUfEtSOHlgMQ8zObLoE0pg/0264cc1b-6b47-431a-3f2a-1a4b7ddc6f00/w=210',1),(121,28,'https://imagedelivery.net/qUfEtSOHlgMQ8zObLoE0pg/e96bba40-abc5-4217-2910-938868c21500/w=210',1),(122,29,'https://imagedelivery.net/qUfEtSOHlgMQ8zObLoE0pg/9bcfc2bf-3497-4897-5a86-fdf67b089600/w=210',1),(123,29,'https://imagedelivery.net/qUfEtSOHlgMQ8zObLoE0pg/1e144e81-cb06-43cf-c7ec-05f01200ef00/w=210',1),(124,30,'https://imagedelivery.net/qUfEtSOHlgMQ8zObLoE0pg/e4069a92-1aaf-42fa-627a-f5acc2aca500/w=210',1),(125,30,'https://imagedelivery.net/qUfEtSOHlgMQ8zObLoE0pg/acdd0329-b433-4df2-5fd4-638c88f21200/w=210',1),(126,31,'https://imagedelivery.net/qUfEtSOHlgMQ8zObLoE0pg/9bcfc2bf-3497-4897-5a86-fdf67b089600/w=210',1),(127,31,'https://imagedelivery.net/qUfEtSOHlgMQ8zObLoE0pg/1e144e81-cb06-43cf-c7ec-05f01200ef00/w=210',1),(128,32,'https://shop.comicola.com/wp-content/uploads/2024/03/DDO_PT.jpg',1),(129,32,'https://shop.comicola.com/wp-content/uploads/2024/03/DDO_2.jpg',1),(130,32,'https://shop.comicola.com/wp-content/uploads/2024/03/DDO_3-210x270.jpg',1),(131,32,'https://shop.comicola.com/wp-content/uploads/2024/03/DDO_4-210x270.jpg',1),(132,33,'https://imagedelivery.net/qUfEtSOHlgMQ8zObLoE0pg/ee78ffde-01bc-4619-5ef5-4bfcf6234c00/w=210',1),(133,33,'https://imagedelivery.net/qUfEtSOHlgMQ8zObLoE0pg/b80feaf5-f5d3-4de9-579a-2dc169e6df00/w=210',1),(134,34,'https://imagedelivery.net/qUfEtSOHlgMQ8zObLoE0pg/9b668af8-49b4-4da3-b635-31c805725100/w=210',1),(135,34,'https://imagedelivery.net/qUfEtSOHlgMQ8zObLoE0pg/118c8f05-39f1-40bb-3710-20273ea9d000/w=210',1),(136,35,'https://imagedelivery.net/qUfEtSOHlgMQ8zObLoE0pg/44e0ad27-1d68-4168-de0d-e4bf94279b00/w=210',1),(137,35,'https://imagedelivery.net/qUfEtSOHlgMQ8zObLoE0pg/3aa68734-d5e4-4b4d-b776-86a9fccb3800/w=210',1),(138,36,'https://imagedelivery.net/qUfEtSOHlgMQ8zObLoE0pg/d9be846c-e51d-4594-94a9-5d86871afe00/w=210',1),(139,36,'https://imagedelivery.net/qUfEtSOHlgMQ8zObLoE0pg/bac589e1-8e1b-4bab-2f10-402db26d8b00/w=210',1),(140,37,'https://imagedelivery.net/qUfEtSOHlgMQ8zObLoE0pg/bf78912f-87da-4d13-d007-3d47d93d9700/w=210',1),(141,37,'https://imagedelivery.net/qUfEtSOHlgMQ8zObLoE0pg/6acab167-4243-4148-cd21-73a7b91a0000/w=210',1);
/*!40000 ALTER TABLE `gallery` ENABLE KEYS */;
UNLOCK TABLES;

--
-- Table structure for table `goodsreceived`
--

DROP TABLE IF EXISTS `goodsreceived`;
/*!40101 SET @saved_cs_client     = @@character_set_client */;
/*!50503 SET character_set_client = utf8mb4 */;
CREATE TABLE `goodsreceived` (
  `id` int NOT NULL AUTO_INCREMENT,
  `dateReceived` datetime NOT NULL,
  `companyReceived` int DEFAULT NULL,
  `noteReceived` text,
  `total_value` varchar(100) DEFAULT NULL,
  PRIMARY KEY (`id`)
) ENGINE=InnoDB AUTO_INCREMENT=10 DEFAULT CHARSET=utf8mb4 COLLATE=utf8mb4_0900_ai_ci;
/*!40101 SET character_set_client = @saved_cs_client */;

--
-- Dumping data for table `goodsreceived`
--

LOCK TABLES `goodsreceived` WRITE;
/*!40000 ALTER TABLE `goodsreceived` DISABLE KEYS */;
INSERT INTO `goodsreceived` VALUES (2,'2024-09-23 11:31:22',2,'Ttes 1','72878791'),(3,'2024-09-23 11:36:35',2,'Ttes 1','72878791'),(4,'2024-09-30 12:48:01',2,'Ttes 1','72878791'),(5,'2024-11-06 02:36:22',2,'ok','330000'),(6,'2024-11-09 10:13:22',2,'Them sp moi them vao','10000000'),(7,'2024-11-09 10:54:11',3,'Them sp moi vao kho','1600000'),(8,'2024-11-18 12:42:32',7,'','1111'),(9,'2024-12-09 12:52:44',7,'','200000');
/*!40000 ALTER TABLE `goodsreceived` ENABLE KEYS */;
UNLOCK TABLES;

--
-- Table structure for table `goodsreceiveddetails`
--

DROP TABLE IF EXISTS `goodsreceiveddetails`;
/*!40101 SET @saved_cs_client     = @@character_set_client */;
/*!50503 SET character_set_client = utf8mb4 */;
CREATE TABLE `goodsreceiveddetails` (
  `idReceived` int NOT NULL,
  `idProduct` int NOT NULL,
  `price` varchar(100) NOT NULL,
  `quantity` int NOT NULL,
  PRIMARY KEY (`idReceived`,`idProduct`),
  KEY `idProduct` (`idProduct`),
  CONSTRAINT `goodsreceiveddetails_ibfk_1` FOREIGN KEY (`idReceived`) REFERENCES `goodsreceived` (`id`),
  CONSTRAINT `goodsreceiveddetails_ibfk_2` FOREIGN KEY (`idProduct`) REFERENCES `product` (`id`)
) ENGINE=InnoDB DEFAULT CHARSET=utf8mb4 COLLATE=utf8mb4_0900_ai_ci;
/*!40101 SET character_set_client = @saved_cs_client */;

--
-- Dumping data for table `goodsreceiveddetails`
--

LOCK TABLES `goodsreceiveddetails` WRITE;
/*!40000 ALTER TABLE `goodsreceiveddetails` DISABLE KEYS */;
INSERT INTO `goodsreceiveddetails` VALUES (2,1,'200000',34),(2,2,'190000',7),(2,3,'250000',14),(2,4,'290000',12),(2,5,'550000',12),(2,6,'45000',10),(2,7,'45000',10),(2,8,'78000',12),(2,9,'78000',20),(2,10,'78000',18),(2,11,'78000',13),(2,12,'78000',12),(2,13,'78000',10),(2,14,'78000',15),(2,15,'99000',13),(2,16,'85000',12),(2,17,'105000',12),(2,18,'590000',13),(2,19,'480000',10),(2,20,'125000',13),(2,21,'69000',14),(2,22,'150000',11),(2,23,'150000',15),(2,24,'69000',11),(2,25,'69000',11),(2,26,'69000',12),(2,27,'69000',20),(2,28,'79000',18),(2,29,'29000',13),(2,30,'45000',10),(2,31,'45000',12),(2,32,'85000',20),(2,33,'95000',12),(2,34,'95000',12),(2,35,'95000',13),(2,36,'95000',19),(2,37,'95000',16),(4,1,'200000',34),(4,2,'190000',7),(4,3,'250000',14),(4,4,'290000',12),(4,5,'550000',12),(4,6,'45000',10),(4,7,'45000',10),(4,8,'78000',12),(4,9,'78000',20),(4,10,'78000',18),(4,11,'78000',13),(4,12,'78000',12),(4,13,'78000',10),(4,14,'78000',15),(4,15,'99000',13),(4,16,'85000',12),(4,17,'105000',12),(4,18,'590000',13),(4,19,'480000',10),(4,20,'125000',13),(4,21,'69000',14),(4,22,'150000',11),(4,23,'150000',15),(4,24,'69000',11),(4,25,'69000',11),(4,26,'69000',12),(4,27,'69000',20),(4,28,'79000',18),(4,29,'29000',13),(4,30,'45000',10),(4,31,'45000',12),(4,32,'85000',20),(4,33,'95000',12),(4,34,'95000',12),(4,35,'95000',13),(4,36,'95000',19),(4,37,'95000',16),(9,3,'200000',1);
/*!40000 ALTER TABLE `goodsreceiveddetails` ENABLE KEYS */;
UNLOCK TABLES;

--
-- Table structure for table `order`
--

DROP TABLE IF EXISTS `order`;
/*!40101 SET @saved_cs_client     = @@character_set_client */;
/*!50503 SET character_set_client = utf8mb4 */;
CREATE TABLE `order` (
  `id` int NOT NULL AUTO_INCREMENT,
  `user_id` int NOT NULL COMMENT 'id người dùng',
  `employee_id` int DEFAULT NULL,
  `fullname` varchar(50) CHARACTER SET utf8mb4 COLLATE utf8mb4_general_ci NOT NULL,
  `email` varchar(150) CHARACTER SET utf8mb4 COLLATE utf8mb4_general_ci NOT NULL,
  `phone_number` varchar(20) CHARACTER SET utf8mb4 COLLATE utf8mb4_general_ci NOT NULL,
  `address` varchar(300) CHARACTER SET utf8mb4 COLLATE utf8mb4_general_ci NOT NULL,
  `note` varchar(500) CHARACTER SET utf8mb4 COLLATE utf8mb4_general_ci NOT NULL COMMENT 'Ghi chú',
  `shipFee` int NOT NULL,
  `order_date` datetime NOT NULL COMMENT 'Thời điểm đặt đơn hàng',
  `total_money` decimal(18,2) NOT NULL COMMENT 'Tổng tiền đơn hàng',
  `id_coupon` int DEFAULT NULL,
  `status` int DEFAULT NULL,
  PRIMARY KEY (`id`),
  KEY `fk_order_user` (`user_id`),
  KEY `fk_order_emloyee` (`employee_id`),
  KEY `status` (`status`),
  CONSTRAINT `fk_order_employee` FOREIGN KEY (`employee_id`) REFERENCES `employee` (`id`),
  CONSTRAINT `fk_order_user` FOREIGN KEY (`user_id`) REFERENCES `user` (`id`),
  CONSTRAINT `order_ibfk_1` FOREIGN KEY (`status`) REFERENCES `orderstatus` (`id`)
) ENGINE=InnoDB AUTO_INCREMENT=76 DEFAULT CHARSET=utf8mb4 COLLATE=utf8mb4_general_ci;
/*!40101 SET character_set_client = @saved_cs_client */;

--
-- Dumping data for table `order`
--

LOCK TABLES `order` WRITE;
/*!40000 ALTER TABLE `order` DISABLE KEYS */;
INSERT INTO `order` VALUES (71,13,13,'Văn Trung Lê Văn Trung Lê','levantrung14032004@gmail.com','0357255074','ho chi minh, Xã Ninh Sơn, Huyện Việt Yên, Tỉnh Bắc Giang','我家在前面你的眼睛',35000,'2024-11-14 23:54:04',463535.00,11,10),(72,13,NULL,'Văn Trung Lê Văn Trung Lê','levantrung14032004@gmail.com','0357255074','ho chi minh, Xã Ninh Sơn, Huyện Việt Yên, Tỉnh Bắc Giang','',35000,'2024-11-19 10:33:51',249000.00,NULL,1),(73,13,NULL,'Văn Trung Lê Văn Trung Lê','levantrung14032004@gmail.com','0357255074','ho chi minh, Xã Ninh Sơn, Huyện Việt Yên, Tỉnh Bắc Giang','',35000,'2024-11-27 15:30:04',118460.00,NULL,8),(74,15,13,'Nguyễn Công Trung','nguyencongtrung13@gmail.com','0966421131','tổ 10, ấp 1, Xã Vĩnh Lộc B, Huyện Bình Chánh, Thành phố Hồ Chí Minh','',35000,'2024-12-05 22:58:49',252210.00,NULL,10),(75,15,18,'Nguyễn Công Trung','nguyencongtrung13@gmail.com','0966421131','tổ 10, ấp 1, Xã Vĩnh Lộc B, Huyện Bình Chánh, Thành phố Hồ Chí Minh','',35000,'2024-12-09 09:17:50',118460.00,NULL,10);
/*!40000 ALTER TABLE `order` ENABLE KEYS */;
UNLOCK TABLES;

--
-- Table structure for table `order_detail`
--

DROP TABLE IF EXISTS `order_detail`;
/*!40101 SET @saved_cs_client     = @@character_set_client */;
/*!50503 SET character_set_client = utf8mb4 */;
CREATE TABLE `order_detail` (
  `id` int NOT NULL AUTO_INCREMENT COMMENT 'Khóa chính',
  `order_id` int NOT NULL COMMENT 'Khóa ngoại tham chiếu đến bảng order',
  `product_id` int NOT NULL COMMENT 'Khóa ngoại tham chiếu đến bảng product',
  `thumbnail` varchar(255) CHARACTER SET utf8mb4 COLLATE utf8mb4_general_ci NOT NULL,
  `price` decimal(18,2) NOT NULL,
  `num` int NOT NULL COMMENT 'Số lượng sản phẩm',
  `total_money` decimal(18,2) NOT NULL COMMENT 'price * num',
  `status` int NOT NULL COMMENT 'Trạng thái',
  PRIMARY KEY (`id`),
  KEY `fk_orderdetail_order` (`order_id`),
  KEY `fk_orderdetail_product` (`product_id`),
  CONSTRAINT `fk_orderdetail_order` FOREIGN KEY (`order_id`) REFERENCES `order` (`id`),
  CONSTRAINT `fk_orderdetail_product` FOREIGN KEY (`product_id`) REFERENCES `product` (`id`)
) ENGINE=InnoDB AUTO_INCREMENT=63 DEFAULT CHARSET=utf8mb4 COLLATE=utf8mb4_general_ci;
/*!40101 SET character_set_client = @saved_cs_client */;

--
-- Dumping data for table `order_detail`
--

LOCK TABLES `order_detail` WRITE;
/*!40000 ALTER TABLE `order_detail` DISABLE KEYS */;
INSERT INTO `order_detail` VALUES (56,71,7,'https://imagedelivery.net/qUfEtSOHlgMQ8zObLoE0pg/56b0b4b6-f833-46d6-47e7-08ba5a4d2100/w=705',48150.00,1,48150.00,1),(59,73,10,'https://imagedelivery.net/qUfEtSOHlgMQ8zObLoE0pg/f9e27daa-40cf-499a-a246-b166f5634100/w=705',83460.00,1,83460.00,1),(60,74,11,'https://imagedelivery.net/qUfEtSOHlgMQ8zObLoE0pg/6e2ea6c4-4399-4765-b466-61522587e900/w=705',83460.00,1,83460.00,1),(61,74,20,'https://imagedelivery.net/qUfEtSOHlgMQ8zObLoE0pg/6d9f21c3-6a6f-4084-c58c-527ae106c400/w=705',133750.00,1,133750.00,1),(62,75,10,'https://imagedelivery.net/qUfEtSOHlgMQ8zObLoE0pg/f9e27daa-40cf-499a-a246-b166f5634100/w=705',83460.00,1,83460.00,1);
/*!40000 ALTER TABLE `order_detail` ENABLE KEYS */;
UNLOCK TABLES;

--
-- Table structure for table `orderstatus`
--

DROP TABLE IF EXISTS `orderstatus`;
/*!40101 SET @saved_cs_client     = @@character_set_client */;
/*!50503 SET character_set_client = utf8mb4 */;
CREATE TABLE `orderstatus` (
  `id` int NOT NULL AUTO_INCREMENT,
  `name` varchar(255) DEFAULT NULL,
  `status` int DEFAULT NULL,
  PRIMARY KEY (`id`)
) ENGINE=InnoDB AUTO_INCREMENT=11 DEFAULT CHARSET=utf8mb4 COLLATE=utf8mb4_0900_ai_ci;
/*!40101 SET character_set_client = @saved_cs_client */;

--
-- Dumping data for table `orderstatus`
--

LOCK TABLES `orderstatus` WRITE;
/*!40000 ALTER TABLE `orderstatus` DISABLE KEYS */;
INSERT INTO `orderstatus` VALUES (1,'Chờ xác nhận',1),(2,'Đã xác nhận',1),(3,'Đang xử lý',1),(4,'Đang đóng hàng',1),(5,'Đang giao hàng',1),(6,'Giao hàng thành công',1),(7,'Đã bị hủy, do nhân viên hủy',1),(8,'Đã hủy, do người dùng hủy',1),(9,'Hoàn trả',1),(10,'Hoàn tất',1);
/*!40000 ALTER TABLE `orderstatus` ENABLE KEYS */;
UNLOCK TABLES;

--
-- Table structure for table `ordertracking`
--

DROP TABLE IF EXISTS `ordertracking`;
/*!40101 SET @saved_cs_client     = @@character_set_client */;
/*!50503 SET character_set_client = utf8mb4 */;
CREATE TABLE `ordertracking` (
  `id` int NOT NULL AUTO_INCREMENT,
  `id_order` int NOT NULL,
  `id_status` int NOT NULL,
  `time` datetime NOT NULL DEFAULT CURRENT_TIMESTAMP,
  `note` varchar(250) DEFAULT NULL,
  `update_by` int DEFAULT NULL,
  PRIMARY KEY (`id`),
  KEY `id_order` (`id_order`),
  KEY `id_status` (`id_status`),
  CONSTRAINT `ordertracking_ibfk_1` FOREIGN KEY (`id_order`) REFERENCES `order` (`id`),
  CONSTRAINT `ordertracking_ibfk_2` FOREIGN KEY (`id_status`) REFERENCES `orderstatus` (`id`)
) ENGINE=InnoDB AUTO_INCREMENT=17 DEFAULT CHARSET=utf8mb4 COLLATE=utf8mb4_0900_ai_ci;
/*!40101 SET character_set_client = @saved_cs_client */;

--
-- Dumping data for table `ordertracking`
--

LOCK TABLES `ordertracking` WRITE;
/*!40000 ALTER TABLE `ordertracking` DISABLE KEYS */;
INSERT INTO `ordertracking` VALUES (1,71,1,'2024-11-11 12:45:34',NULL,NULL),(2,71,2,'2024-11-11 12:55:34',NULL,6),(8,71,4,'2024-11-24 22:02:07',NULL,6),(9,73,1,'2024-11-27 15:30:04',NULL,NULL),(10,73,8,'2024-11-27 15:32:06',NULL,NULL),(11,71,10,'2024-12-05 22:42:06',NULL,13),(12,74,1,'2024-12-05 22:58:49',NULL,NULL),(13,74,10,'2024-12-05 22:58:58',NULL,13),(14,75,1,'2024-12-09 09:17:50',NULL,NULL),(15,75,2,'2024-12-09 09:18:19',NULL,18),(16,75,10,'2024-12-09 09:18:47',NULL,18);
/*!40000 ALTER TABLE `ordertracking` ENABLE KEYS */;
UNLOCK TABLES;

--
-- Table structure for table `permissions`
--

DROP TABLE IF EXISTS `permissions`;
/*!40101 SET @saved_cs_client     = @@character_set_client */;
/*!50503 SET character_set_client = utf8mb4 */;
CREATE TABLE `permissions` (
  `id` int NOT NULL AUTO_INCREMENT,
  `entity` varchar(50) DEFAULT NULL,
  `action` varchar(50) DEFAULT NULL,
  PRIMARY KEY (`id`)
) ENGINE=InnoDB AUTO_INCREMENT=46 DEFAULT CHARSET=utf8mb4 COLLATE=utf8mb4_0900_ai_ci;
/*!40101 SET character_set_client = @saved_cs_client */;

--
-- Dumping data for table `permissions`
--

LOCK TABLES `permissions` WRITE;
/*!40000 ALTER TABLE `permissions` DISABLE KEYS */;
INSERT INTO `permissions` VALUES (1,'products','create'),(2,'products','update'),(3,'products','delete'),(4,'products','view'),(5,'users','create'),(6,'users','update'),(7,'users','delete'),(8,'users','view'),(9,'orders','create'),(10,'orders','update'),(11,'orders','delete'),(12,'orders','view'),(13,'employees','create'),(14,'employees','update'),(15,'employees','delete'),(16,'employees','view'),(17,'authors','create'),(18,'authors','update'),(19,'authors','delete'),(20,'authors','view'),(21,'goods','create'),(22,'goods','update'),(23,'goods','delete'),(24,'goods','view'),(25,'dashboard','view'),(26,'permissions','create'),(27,'permissions','update'),(28,'permissions','delete'),(29,'permissions','view'),(30,'delivery','create'),(31,'delivery','update'),(32,'delivery','delete'),(33,'delivery','view'),(34,'company','create'),(35,'company','update'),(36,'company','delete'),(37,'company','view'),(38,'coupons','create'),(39,'coupons','update'),(40,'coupons','delete'),(41,'coupons','view'),(42,'category','create'),(43,'category','update'),(44,'category','delete'),(45,'category','view');
/*!40000 ALTER TABLE `permissions` ENABLE KEYS */;
UNLOCK TABLES;

--
-- Table structure for table `product`
--

DROP TABLE IF EXISTS `product`;
/*!40101 SET @saved_cs_client     = @@character_set_client */;
/*!50503 SET character_set_client = utf8mb4 */;
CREATE TABLE `product` (
  `id` int NOT NULL AUTO_INCREMENT COMMENT 'Khóa chính',
  `author_id` int DEFAULT NULL,
  `title` varchar(255) CHARACTER SET utf8mb4 COLLATE utf8mb4_general_ci NOT NULL COMMENT 'Tiêu đề sản phẩm\r\n',
  `thumbnail` varchar(500) CHARACTER SET utf8mb4 COLLATE utf8mb4_general_ci NOT NULL COMMENT 'Hình ảnh thu nhỏ',
  `description` longtext CHARACTER SET utf8mb4 COLLATE utf8mb4_general_ci NOT NULL COMMENT 'Mô tả',
  `introduce` text CHARACTER SET utf8mb4 COLLATE utf8mb4_general_ci,
  `created_at` date NOT NULL COMMENT 'Ngày tạo',
  `update_at` date NOT NULL COMMENT 'Ngày cập nhật',
  `status` int NOT NULL COMMENT 'Trạng thái',
  `quantity` int DEFAULT NULL,
  `price` decimal(18,2) DEFAULT NULL,
  PRIMARY KEY (`id`),
  KEY `fk_product_author` (`author_id`)
) ENGINE=InnoDB AUTO_INCREMENT=172 DEFAULT CHARSET=utf8mb4 COLLATE=utf8mb4_general_ci;
/*!40101 SET character_set_client = @saved_cs_client */;

--
-- Dumping data for table `product`
--

LOCK TABLES `product` WRITE;
/*!40000 ALTER TABLE `product` DISABLE KEYS */;
INSERT INTO `product` VALUES (1,NULL,'69 Sắc Thái – Giải Phẫu Học Nghệ Thuật','https://imagedelivery.net/qUfEtSOHlgMQ8zObLoE0pg/35919ba9-2db2-4cdf-6fa8-871469353800/w=705','Cuốn sách này ra đời giúp cho tất cả chúng ta có thể vẽ được đúng cơ thể người. Sự ra đời của cuốn sách 100% tiếng Việt này cũng phá vỡ hoàn toàn rào cản ngôn ngữ khiến cho bất kỳ ai cũng có thể đọc được mà không cần phải biết ngoại ngữ.','Cuốn sách thông qua 69 nhân vật khác nhau giúp bạn đọc từ các lĩnh vực, ngành nghề như: sinh viên mỹ thuật, hoạ sĩ truyện tranh, hoạt hình, minh hoạ, chuyển động, game v.v… hiểu và vẽ đúng cơ thể người qua cách trình bày dân dã, dễ hiểu mà lại rất khoa học.\r\n\r\nCuốn sách này ra đời giúp cho tất cả chúng ta có thể vẽ được đúng cơ thể người. Sự ra đời của cuốn sách 100% tiếng Việt này cũng phá vỡ hoàn toàn rào cản ngôn ngữ khiến cho bất kỳ ai cũng có thể đọc được mà không cần phải biết ngoại ngữ.','2024-04-01','2024-04-16',0,19,214000.00),(2,NULL,'Hành Trình Tarot – Cuộc Phiêu Lưu Của Cá Mập Voi','https://imagedelivery.net/qUfEtSOHlgMQ8zObLoE0pg/983fdd36-45d2-4abc-831c-2641efcb7d00/w=705','<h3><strong style=\"color: rgb(23, 24, 26);\">Giới thiệu nội dung</strong></h3><p><span style=\"color: rgb(35, 35, 35);\">Quyển sách Hành Trình Tarot – Cuộc Phiêu Lưu Của Cá Mập Voi là tác phẩm thứ 11 của Nhà văn Đặng Thiên Phong. Quyển sách gồm các chương tương ứng với 23 lá bài ẩn chính của một cỗ bài Tarot, đồng thời là các câu chuyện, lời khuyên và bài học để các bạn thanh thiếu nhi có thể dễ dàng đút kết.</span></p><p><span style=\"color: rgb(35, 35, 35);\">Quyển sách được trình bày dưới dạng song ngữ, tranh minh họa do Họa sĩ Thu Hằng đảm nhiệm vẽ và ComiCola phát hành, mong sẽ nhận được sự quan tâm và tìm đọc của tất cả độc giả.</span></p><p><span style=\"color: rgb(35, 35, 35);\">&nbsp;</span></p><h3><strong style=\"color: rgb(23, 24, 26);\">Giới thiệu tác giả</strong></h3><p><span style=\"color: rgb(35, 35, 35);\">&nbsp;</span></p><p><span style=\"color: rgb(35, 35, 35);\"><img src=\"https://i0.wp.com/shop.comicola.com/wp-content/uploads/2023/10/Nha-van-MC-Dang-Thien-Phong.png?resize=250%2C250&amp;ssl=1\" height=\"250\" width=\"250\"></span></p><p><span style=\"color: rgb(35, 35, 35);\">&nbsp;</span></p><ol><li data-list=\"bullet\"><span class=\"ql-ui\" contenteditable=\"false\"></span><strong style=\"color: rgb(35, 35, 35);\">Nhà văn – MC Đặng Thiên Phong</strong><span style=\"color: rgb(35, 35, 35);\">.</span></li><li data-list=\"bullet\"><span class=\"ql-ui\" contenteditable=\"false\"></span><span style=\"color: rgb(35, 35, 35);\">Anh hiện đang là Thành viên Hội Nhà Văn TPHCM, Ủy viên BCH Hội Quảng Cáo TPHCM, Giảng viên đại học, người dẫn chương trình truyền hình,…</span></li><li data-list=\"bullet\"><span class=\"ql-ui\" contenteditable=\"false\"></span><span style=\"color: rgb(35, 35, 35);\">Ngoài ra anh đang là nghiên cứu sinh về Tâm lý học. Anh cho biết bản thân luôn muốn bước ra khỏi những vùng an toàn của bản thân để khám phá “những miền đất mới” và văn học thiếu nhi là thử thách tiếp theo.</span></li></ol><p><span style=\"color: rgb(35, 35, 35);\">&nbsp;</span></p><p><span style=\"color: rgb(35, 35, 35);\"><img src=\"https://i0.wp.com/shop.comicola.com/wp-content/uploads/2023/10/hoa-si-thu-hang-1.png?resize=250%2C250&amp;ssl=1\" height=\"250\" width=\"250\"></span></p><p><span style=\"color: rgb(35, 35, 35);\">&nbsp;</span></p><p><span style=\"color: rgb(35, 35, 35);\">&nbsp;</span></p><ol><li data-list=\"bullet\"><span class=\"ql-ui\" contenteditable=\"false\"></span><strong style=\"color: rgb(35, 35, 35);\">Họa sĩ Thu Hằng</strong><span style=\"color: rgb(35, 35, 35);\">.</span></li><li data-list=\"bullet\"><span class=\"ql-ui\" contenteditable=\"false\"></span><span style=\"color: rgb(35, 35, 35);\">Hiện cô đang là nhà thiết kế tự do, làm trong lĩnh vực thiết kế và lên concept sáng tạo.</span></li><li data-list=\"bullet\"><span class=\"ql-ui\" contenteditable=\"false\"></span><span style=\"color: rgb(35, 35, 35);\">Cô tốt nghiệp Đại học Kiến Trúc chuyên ngành Thiết kế mỹ thuật tạo dáng. Có kinh nghiệm đồ hoạ và thiết kế trang sức.</span></li><li data-list=\"bullet\"><span class=\"ql-ui\" contenteditable=\"false\"></span><span style=\"color: rgb(35, 35, 35);\">Đây là dự án sách đầu tiên kết hợp cùng Nhà văn Đặng Thiên Phong.</span></li></ol><p><span style=\"color: rgb(35, 35, 35);\">&nbsp;</span></p><h3><strong style=\"color: rgb(23, 24, 26);\">Thông tin sản phẩm</strong></h3><ol><li data-list=\"bullet\"><span class=\"ql-ui\" contenteditable=\"false\"></span><span style=\"color: rgb(35, 35, 35);\">01 cuốn sách “Hành Trình Tarot – Cuộc Phiêu Lưu Của Cá Mập Voi” được in màu toàn bộ 104 trang.</span></li><li data-list=\"bullet\"><span class=\"ql-ui\" contenteditable=\"false\"></span><span style=\"color: rgb(35, 35, 35);\">Tặng kèm với 01 bộ bài tarot 23 lá, kích thước 7x12cm.</span></li></ol><p><span style=\"color: rgb(35, 35, 35);\">&nbsp;</span></p><p><a href=\"https://i0.wp.com/shop.comicola.com/wp-content/uploads/2023/10/POST_Vuong_4.jpg?ssl=1\" rel=\"noopener noreferrer\" target=\"_blank\" style=\"background-color: initial; color: rgb(50, 50, 50);\"><img src=\"https://i0.wp.com/shop.comicola.com/wp-content/uploads/2023/10/POST_Vuong_4.jpg?fit=1000%2C1000&amp;ssl=1\" height=\"1000\" width=\"1000\"></a></p><p><a href=\"https://i0.wp.com/shop.comicola.com/wp-content/uploads/2023/10/POST_Vuong_1.jpg?ssl=1\" rel=\"noopener noreferrer\" target=\"_blank\" style=\"background-color: initial; color: rgb(50, 50, 50);\"><img src=\"https://i0.wp.com/shop.comicola.com/wp-content/uploads/2023/10/POST_Vuong_1.jpg?fit=1000%2C1000&amp;ssl=1\" height=\"1000\" width=\"1000\"></a></p><p><a href=\"https://i0.wp.com/shop.comicola.com/wp-content/uploads/2023/10/POST_Vuong_6.jpg?ssl=1\" rel=\"noopener noreferrer\" target=\"_blank\" style=\"background-color: initial; color: rgb(50, 50, 50);\"><img src=\"https://i0.wp.com/shop.comicola.com/wp-content/uploads/2023/10/POST_Vuong_6.jpg?fit=1000%2C1000&amp;ssl=1\" height=\"1000\" width=\"1000\"></a></p><p><a href=\"https://i0.wp.com/shop.comicola.com/wp-content/uploads/2023/10/POST_Vuong_7.jpg?ssl=1\" rel=\"noopener noreferrer\" target=\"_blank\" style=\"background-color: initial; color: var(--tb-theme-color);\"><img src=\"https://i0.wp.com/shop.comicola.com/wp-content/uploads/2023/10/POST_Vuong_7.jpg?fit=1000%2C1000&amp;ssl=1\" height=\"1000\" width=\"1000\"></a></p><p><br></p>','<p><em style=\"background-color: rgb(255, 255, 255); color: rgb(35, 35, 35);\">Dựa trên cấu trúc của Tarot, thông qua 22 bài học khác nhau, cuốn sách sẽ hướng dẫn cho người đọc vượt qua 22 vấn đề của đời sống thường nhật. Qua cuốn sách, độc giả có cơ hội hoà mình vào nhân vật chính, một chú Cá Mập Voi để lần lượt trải qua những kinh nghiệm siêu việt bằng trí tưởng tượng để đạt được những chiêm nghiệm sâu sắc, cho dù dưới lớp áo của từ ngữ và hình ảnh dành cho thiếu nhi.</em></p>','2024-04-01','2024-04-17',0,6,203300.00),(3,NULL,'Truyện Kiều và Tarot','https://imagedelivery.net/qUfEtSOHlgMQ8zObLoE0pg/ef280a01-24ac-4894-843f-3ccef4fc3f00/w=705','Cỗ bài Tarot và tác phẩm truyện thơ Truyện Kiều dù có cách thể hiện khác nhau, cùng nhắm đến kể chuyện về nhân sinh và con người.\r\nSách “Truyện Kiều và Tarot” là những đối chiếu giữa 78 tình huống, sự kiện đời người của tarot với những cảnh tình của cuộc đời nàng Thúy Kiều trong mối quan hệ với những người tình của cô','Cỗ bài Tarot và tác phẩm truyện thơ Truyện Kiều dù có cách thể hiện khác nhau, cùng nhắm đến kể chuyện về nhân sinh và con người.\r\n\r\nSách “Truyện Kiều và Tarot” là những đối chiếu giữa 78 tình huống, sự kiện đời người của tarot với những cảnh tình của cuộc đời nàng Thúy Kiều trong mối quan hệ với những người tình của cô như:\r\n\r\n22 lá Ẩn Chính: Những sự kiện chính mà nàng Kiều phải trải qua trong 15 năm đoạn trường.\r\n10 lá Chén: Mối tình đầu tiên, thơ ngây và đầy cảm xúc của Kiều với Kim Trọng\r\n10 lá Tiền: Mối tình đầy vật chất và những tính toán của Kiều với Thúc Sinh và Hoạn Thư\r\n10 lá Kiếm: Mối tình đầy g.ươm đau và khổ ải của Kiều với Từ Hải\r\n10 lá Gậy: Sự trưởng thành và giác ngộ của Kiều cùng sư Giác Duyên\r\n16 lá Hoàng Gia: 16 nhân vật tiêu biểu của Truyện Kiều tướng ứng với 16 tính cách thường thấy của con người.','2024-04-01','2024-04-18',1,1,230000.00),(4,NULL,'Cuốn sách Dệt Nên Triều Đại','https://imagedelivery.net/qUfEtSOHlgMQ8zObLoE0pg/bf1502ce-cede-433d-e678-82bdfb352500/w=705','Những bộ trang phục từ hàng trăm năm trước, tưởng chỉ có thể nhìn thấy qua tranh ảnh hoặc tại bảo tàng thì nay đã được tái hiện sinh động dưới bàn tay của những người trẻ.','Tranh phác thảo được thực hiện bởi hoạ sĩ Nguyễn Hoàng Dương, tác giả truyện tranh cổ phong Về nam gió thổi, giải nhất cuộc thi sáng tác truyện tranh Thế giới ước mơ mùa thứ 8. Tranh minh hoạ được thực hiện bởi hoạ sĩ Đăng Thiên, sáng lập trang Nam văn hội quán giới thiệu về lịch sử, văn hoá Việt Nam.\r\n\r\nẢnh chụp trang phục phỏng dựng được thực hiện bởi nhóm nhiếp ảnh gia Steve Huỳnh, Nguyễn Vũ Kỳ Phong, stylist Boongbi, là những nghệ sĩ từng có cơ hội hợp tác với các tạp chí ảnh nổi tiếng Thế giới như Vogue, Promo, BeauNu…\r\n\r\nTrang phục phỏng dựng do nghệ nhân áo dài cổ Trần Lê Trung Hiếu thực hiện theo bản vẽ kỹ thuật được cung cấp và nghiên cứu lỹ lưỡng bởi anh Nguyễn Ngọc Phương Đông, admin diễn đàn Đại Việt Cổ Phong.','2024-04-01','2024-04-10',0,12,310300.00),(5,NULL,'Lôi Động, Tinh Phi – Khảo cứu về súng đạn người Việt','https://imagedelivery.net/qUfEtSOHlgMQ8zObLoE0pg/a230721c-e62a-41df-65de-2a5822ddec00/w=705','<h3><strong style=\"color: rgb(23, 24, 26);\">Thông tin từ báo chí</strong></h3><ol><li data-list=\"bullet\"><span class=\"ql-ui\" contenteditable=\"false\"></span><a href=\"https://vovworld.vn/vi-VN/tap-chi-van-nghe/gap-go-hoa-si-cua-loi-dong-tinh-phi-nguoi-dam-me-ve-minh-hoa-lich-su-1252380.vov\" rel=\"noopener noreferrer\" target=\"_blank\" style=\"background-color: initial; color: rgb(50, 50, 50);\">Gặp gỡ họa sĩ của Lôi động tinh phi: Người đam mê vẽ minh họa lịch sử – VOV</a></li><li data-list=\"bullet\"><span class=\"ql-ui\" contenteditable=\"false\"></span><a href=\"https://vovworld.vn/vi-VN/tap-chi-van-nghe/lich-su-sung-dan-cua-nguoi-viet-trong-khao-cuu-cua-nguoi-viet-tre-1251936.vov\" rel=\"noopener noreferrer\" target=\"_blank\" style=\"background-color: initial; color: rgb(50, 50, 50);\">Lịch sử súng đạn của người Việt trong khảo cứu của người Việt trẻ</a></li><li data-list=\"bullet\"><span class=\"ql-ui\" contenteditable=\"false\"></span><a href=\"https://thanhnien.vn/bat-ngo-thu-vi-ve-hoa-khi-cua-nguoi-viet-18523120308432622.htm\" rel=\"noopener noreferrer\" target=\"_blank\" style=\"background-color: initial; color: rgb(50, 50, 50);\">Bất ngờ thú vị về hỏa khí của người Việt – báo Thanh Niên</a></li></ol><h3><strong style=\"color: rgb(23, 24, 26);\">Giới thiệu cuốn sách Lôi Động, Tinh Phi</strong></h3><p><span style=\"color: rgb(35, 35, 35);\">Người Việt biết sử dụng súng đạn trước Châu Âu? Hiệp Súng là gì? Thần Cơ pháo không phải một loại đại bác? Đàng Ngoài mới là xuất xứ của Hỏa Hổ? Đại Việt có thể liệt vào hàng “tiểu đế quốc thuốc súng?”</span></p><p><span style=\"color: rgb(35, 35, 35);\">Lôi Động, Tinh Phi là một cuốn sách khảo cứu về lịch sử súng đạn của Việt Nam, tập trung vào việc khám phá những công nghệ và chiến thuật độc đáo của người Việt trong việc sử dụng súng đạn để dựng nước và giữ nước.</span></p><p><span style=\"color: rgb(35, 35, 35);\">Đặc biệt, cuốn sách cung cấp những thông tin chi tiết về các loại súng đạn được sử dụng trong lịch sử của Việt Nam, Bằng cách đó, người đọc có thể hiểu rõ hơn về tầm quan trọng của súng đạn trong việc bảo vệ đất nước và xây dựng quốc gia.</span></p><p><span style=\"color: rgb(35, 35, 35);\">Bên cạnh những nguồn tư liệu chưa từng được khai thác đến từ tác giả Nguyễn Ngọc Phương Đông, điểm nhấn của cuốn sách là hàng chục bức tranh khổ lớn do họa sĩ&nbsp;Caoviet Nguyen (Kaovjets Ngujens) minh họa, dựa trên các tư liệu lịch sử và hình ảnh hiện vật thật.</span></p><p><span style=\"color: rgb(35, 35, 35);\">Sách dày 344 trang, in màu toàn bộ trên giấy chất lượng cao, nội dung song ngữ Anh – Việt. Phiên bản bìa cứng chỉ phát hành duy nhất 1000 bản, không tái bản, khổ 23 x 24.5cm, có chữ ký tác giả.</span></p><p><span style=\"color: rgb(35, 35, 35);\">Tựa đề “Lôi Động, Tinh Phi” của sách lấy cảm hứng từ dòng mô tả rất sống động của nhà văn Nguyễn Khoa Chiêm trong tác phẩm&nbsp;</span><strong style=\"color: rgb(35, 35, 35);\"><em>“Việt Nam Khai Quốc Chí Truyện”</em></strong><span style=\"color: rgb(35, 35, 35);\">&nbsp;về một trận chiến thế kỷ XVII:&nbsp;</span><strong style=\"color: rgb(35, 35, 35);\"><em>“súng như lôi động, đạn nhược tinh phi”</em></strong><span style=\"color: rgb(35, 35, 35);\">&nbsp;(dịch nghĩa:&nbsp;</span><strong style=\"color: rgb(35, 35, 35);\"><em>“súng như sấm động, đạn tựa sao bay.”</em></strong><span style=\"color: rgb(35, 35, 35);\">)</span></p><p><span style=\"color: rgb(35, 35, 35);\">&nbsp;</span></p><p><a href=\"https://i0.wp.com/shop.comicola.com/wp-content/uploads/2023/04/loidongtinhphi1200600.jpg?ssl=1\" rel=\"noopener noreferrer\" target=\"_blank\" style=\"background-color: initial; color: rgb(50, 50, 50);\"><img src=\"https://i0.wp.com/shop.comicola.com/wp-content/uploads/2023/04/loidongtinhphi1200600.jpg?resize=1500%2C750&amp;ssl=1\" height=\"750\" width=\"1500\"></a></p><p><span style=\"color: rgb(35, 35, 35);\">&nbsp;</span></p><h3><strong style=\"color: rgb(23, 24, 26);\">INTRODUCTION TO THE BOOK “LÔI ĐỘNG, TINH PHI”</strong></h3><p><span style=\"color: rgb(35, 35, 35);\">Did Vietnamese people employ firearms before Europeans? What is “Fire Tiger”, “Pillar gun”, and “Mountain crossing cannon”? How did Europeans remark about the marksmanship of Vietnamese soldiers?</span></p><p><span style=\"color: rgb(35, 35, 35);\">“Lôi Động, Tinh Phi” is a book on the history of firearms in Vietnam, focusing on the unique technologies and tactics of Vietnamese people in using firearms to establish and defend their country.</span></p><p><span style=\"color: rgb(35, 35, 35);\">In particular, the book provides detailed information on the types of firearms used throughout Vietnam’s history. By doing so, the reader can understand the importance of weapons in protecting the country and building the nation.</span></p><p><span style=\"color: rgb(35, 35, 35);\">In addition to previously unexplored sources from author, Nguyen Ngoc Phuong Dong, the highlight of the book is dozens of large-scale paintings by artist Caoviet Nguyen (Kaovjets Ngujens), based on historical sources and artifacts.</span></p><p><span style=\"color: rgb(35, 35, 35);\">The book is expected to be 344 pages long, printed in full color on high-quality paper, and bilingual in English and Vietnamese. The hardcover version will only be released in 1000 copies, which shall not be reprinted, with a size of 23 x 24.5cm, and will include the signatures of the author and illustrator.</span></p><p><span style=\"color: rgb(35, 35, 35);\">The title “Lôi Động, Tinh Phi” of the book is inspired by a vivid description by writer Nguyen Khoa Chiêm’s work “Việt Nam Khai Quốc Chí Truyện” about a 17th-century battle: “súng như lôi động, đạn nhược tinh phi” (“guns went off like thunder, shots flew like meteorites”).</span></p><p><span style=\"color: rgb(35, 35, 35);\">&nbsp;</span></p><h3><strong style=\"color: rgb(23, 24, 26);\">Một số chương tiêu biểu của cuốn sách:</strong></h3><p><em style=\"color: rgb(35, 35, 35);\">(Lưu ý: Danh sách các chương dưới đây có dung lượng khoảng 30% cuốn sách. Chi tiết về nội dung cuốn sách sẽ liên tục được cập nhật trên hệ thống các kênh truyền thông của Comicola và tại trang này)</em></p><ol><li data-list=\"bullet\"><span class=\"ql-ui\" contenteditable=\"false\"></span><span style=\"color: rgb(35, 35, 35);\">Tiểu dẫn</span></li><li data-list=\"bullet\"><span class=\"ql-ui\" contenteditable=\"false\"></span><span style=\"color: rgb(35, 35, 35);\">Phụ lục: Đơn vị đo lường</span></li><li data-list=\"bullet\"><span class=\"ql-ui\" contenteditable=\"false\"></span><span style=\"color: rgb(35, 35, 35);\">Súng tại Việt Nam: nửa đầu thiên niên kỷ thứ 2</span></li><li data-list=\"bullet\" class=\"ql-indent-1\"><span class=\"ql-ui\" contenteditable=\"false\"></span><span style=\"color: rgb(35, 35, 35);\">Hỏa súng</span></li><li data-list=\"bullet\"><span class=\"ql-ui\" contenteditable=\"false\"></span><span style=\"color: rgb(35, 35, 35);\">Súng Thời Nam Bắc Triều, Trịnh Nguyễn Phân Tranh</span></li><li data-list=\"bullet\" class=\"ql-indent-1\"><span class=\"ql-ui\" contenteditable=\"false\"></span><span style=\"color: rgb(35, 35, 35);\">Hiệp súng</span></li><li data-list=\"bullet\" class=\"ql-indent-1\"><span class=\"ql-ui\" contenteditable=\"false\"></span><span style=\"color: rgb(35, 35, 35);\">Trụ súng</span></li><li data-list=\"bullet\" class=\"ql-indent-1\"><span class=\"ql-ui\" contenteditable=\"false\"></span><span style=\"color: rgb(35, 35, 35);\">Đại súng</span></li><li data-list=\"bullet\" class=\"ql-indent-1\"><span class=\"ql-ui\" contenteditable=\"false\"></span><span style=\"color: rgb(35, 35, 35);\">Hỏa ngạnh</span></li><li data-list=\"bullet\"><span class=\"ql-ui\" contenteditable=\"false\"></span><span style=\"color: rgb(35, 35, 35);\">Phụ lục: Bia tập bắn</span></li><li data-list=\"bullet\"><span class=\"ql-ui\" contenteditable=\"false\"></span><span style=\"color: rgb(35, 35, 35);\">Súng thời Tây Sơn Nguyễn</span></li><li data-list=\"bullet\" class=\"ql-indent-1\"><span class=\"ql-ui\" contenteditable=\"false\"></span><span style=\"color: rgb(35, 35, 35);\">Quá Sơn pháo</span></li><li data-list=\"bullet\" class=\"ql-indent-1\"><span class=\"ql-ui\" contenteditable=\"false\"></span><span style=\"color: rgb(35, 35, 35);\">Thần cơ pháo</span></li><li data-list=\"bullet\" class=\"ql-indent-1\"><span class=\"ql-ui\" contenteditable=\"false\"></span><span style=\"color: rgb(35, 35, 35);\">Kim hoa điểu thương</span></li><li data-list=\"bullet\" class=\"ql-indent-1\"><span class=\"ql-ui\" contenteditable=\"false\"></span><span style=\"color: rgb(35, 35, 35);\">Xung Tiêu pháo</span></li><li data-list=\"bullet\" class=\"ql-indent-1\"><span class=\"ql-ui\" contenteditable=\"false\"></span><span style=\"color: rgb(35, 35, 35);\">Hỏa Hổ</span></li><li data-list=\"bullet\"><span class=\"ql-ui\" contenteditable=\"false\"></span><span style=\"color: rgb(35, 35, 35);\">Phụ Lục: Súng Đạn trong văn hóa và tín ngưỡng</span></li><li data-list=\"bullet\"><span class=\"ql-ui\" contenteditable=\"false\"></span><em style=\"color: rgb(35, 35, 35);\">….. cùng nhiều nội dung khác sẽ gửi đến tay độc giả vào 9/2023 ….</em></li></ol><p><span style=\"color: rgb(35, 35, 35);\">&nbsp;</span></p><h3><strong style=\"color: rgb(23, 24, 26);\">Giới thiệu tác giả/INTRODUCTION TO THE AUTHOR</strong></h3><p><span style=\"color: rgb(35, 35, 35);\">&nbsp;</span></p><p><span style=\"color: rgb(35, 35, 35);\"><img src=\"https://i0.wp.com/shop.comicola.com/wp-content/uploads/2023/04/dong-nguyen.png?resize=360%2C360&amp;ssl=1\" height=\"360\" width=\"360\"></span></p><h4 class=\"ql-align-center\"><strong style=\"color: rgb(23, 24, 26);\">Đông Nguyễn</strong></h4><ol><li data-list=\"bullet\"><span class=\"ql-ui\" contenteditable=\"false\"></span><span style=\"color: rgb(35, 35, 35);\">Đồng sáng lập nhiều nhóm và trang chuyên về lịch sử, văn hóa cổ như Đại Việt Cổ Phong, Vietnam Centre, Vương Sư Kiên Duệ…</span></li><li data-list=\"bullet\"><span class=\"ql-ui\" contenteditable=\"false\"></span><span style=\"color: rgb(35, 35, 35);\">Chủ biên sách&nbsp;</span><strong style=\"background-color: initial; color: rgb(50, 50, 50);\"><em><a href=\"https://shop.comicola.com/product/cuon-sach-det-nen-trieu-dai/\" rel=\"noopener noreferrer\" target=\"_blank\">Dệt Nên Triều Đại</a></em></strong><span style=\"color: rgb(35, 35, 35);\">&nbsp;về lịch sử trang phục nửa đầu thời kỳ Lê Sơ.</span></li><li data-list=\"bullet\"><span class=\"ql-ui\" contenteditable=\"false\"></span><span style=\"color: rgb(35, 35, 35);\">Mảng nghiên cứu chính của Đông Nguyễn là lịch sử phong tục, trang phục và quân khí.</span></li><li data-list=\"bullet\"><span class=\"ql-ui\" contenteditable=\"false\"></span><span style=\"color: rgb(35, 35, 35);\">Co-founder of several groups and pages specializing in history and ancient culture, such as Dai Viet Co Phong, Vietnam Centre, Vuong Su Kien Due…</span></li><li data-list=\"bullet\"><span class=\"ql-ui\" contenteditable=\"false\"></span><span style=\"color: rgb(35, 35, 35);\">Editor-in-chief of the book “Dệt Nên Triều Đại” (Weaving a Realm) about the history of clothing in the first half of the Later Le period.</span></li><li data-list=\"bullet\"><span class=\"ql-ui\" contenteditable=\"false\"></span><span style=\"color: rgb(35, 35, 35);\">Dong Nguyen’s main research areas are customs, clothing, and weaponry in history.</span></li></ol><p><span style=\"color: rgb(35, 35, 35);\">&nbsp;</span></p><p><span style=\"color: rgb(35, 35, 35);\"><img src=\"https://i0.wp.com/shop.comicola.com/wp-content/uploads/2023/04/caoviet.png?resize=360%2C360&amp;ssl=1\" height=\"360\" width=\"360\"></span></p><h4 class=\"ql-align-center\"><strong style=\"color: rgb(23, 24, 26);\">Caoviet Nguyen / Kaovjets Ngujens</strong></h4><ol><li data-list=\"bullet\"><span class=\"ql-ui\" contenteditable=\"false\"></span><span style=\"color: rgb(35, 35, 35);\">Hoạ sĩ người Latvia gốc Việt theo phong cách tả thực, tác giả truyện tranh “Người giết gấu”, “Người thổi tù và vùng Talavas”,…</span></li><li data-list=\"bullet\"><span class=\"ql-ui\" contenteditable=\"false\"></span><span style=\"color: rgb(35, 35, 35);\">Anh là hoạ sĩ chính trong dự án phim tài liệu lịch sử “Các bộ tộc vùng Baltic”.</span></li><li data-list=\"bullet\"><span class=\"ql-ui\" contenteditable=\"false\"></span><span style=\"color: rgb(35, 35, 35);\">Chuyên minh hoạ lịch sử các thời kỳ, truyện tranh và lĩnh vực thời trang.</span></li><li data-list=\"bullet\"><span class=\"ql-ui\" contenteditable=\"false\"></span><span style=\"color: rgb(35, 35, 35);\">A Vietnamese- Latvian artist who works in a realistic style, known for creating comics such as “The Bear Killer” and “The Whistler of the Talavas Region.”</span></li><li data-list=\"bullet\"><span class=\"ql-ui\" contenteditable=\"false\"></span><span style=\"color: rgb(35, 35, 35);\">He is the main artist in the historical documentary film project “Baltic Tribes.”</span></li><li data-list=\"bullet\"><span class=\"ql-ui\" contenteditable=\"false\"></span><span style=\"color: rgb(35, 35, 35);\">He specializes in illustrating historical periods, comics, and fashion.</span></li></ol><p><span style=\"color: rgb(35, 35, 35);\">&nbsp;</span></p><h3><strong style=\"color: rgb(23, 24, 26);\">Thông tin sản phẩm</strong></h3><h5><strong style=\"color: rgb(23, 24, 26);\">Phiên bản Đặc biệt</strong></h5><ol><li data-list=\"bullet\"><span class=\"ql-ui\" contenteditable=\"false\"></span><span style=\"color: rgb(35, 35, 35);\">Phiên bản bìa cứng chỉ phát hành duy nhất 1000 bản, không tái bản, có áo bìa.</span></li><li data-list=\"bullet\"><span class=\"ql-ui\" contenteditable=\"false\"></span><span style=\"color: rgb(35, 35, 35);\">Sách song ngữ Việt – Anh.</span></li><li data-list=\"bullet\"><span class=\"ql-ui\" contenteditable=\"false\"></span><span style=\"color: rgb(35, 35, 35);\">Sách dày 344 trang, in màu toàn bộ trên giấy chất lượng cao.</span></li><li data-list=\"bullet\"><span class=\"ql-ui\" contenteditable=\"false\"></span><span style=\"color: rgb(35, 35, 35);\">Kích thước 23 x 24,5cm.</span></li><li data-list=\"bullet\"><span class=\"ql-ui\" contenteditable=\"false\"></span><span style=\"color: rgb(35, 35, 35);\">Sách có chữ ký tác giả.</span></li><li data-list=\"bullet\"><span class=\"ql-ui\" contenteditable=\"false\"></span><strong style=\"color: rgb(35, 35, 35);\">Chỉ bán duy nhất 1000 bản trên Comicola, không sản xuất thêm.</strong></li></ol><p><em style=\"color: rgb(35, 35, 35);\">Do nội dung của cuốn sách khá đặc thù, nên trong đợt in đầu tiên, Comicola chỉ sản xuất phiên bản Đặc biệt. Nếu số lượng tiêu thụ của phiên bản bìa cứng vượt quá mốc 700/1000 cuốn, Comicola sẽ sản xuất phiên bản Phổ thông, bìa mềm để bán rộng rãi trên thị trường.</em></p><p><br></p>','<p><em style=\"background-color: rgb(255, 255, 255); color: rgb(35, 35, 35);\">Lôi Động Tinh Phi là một cuốn sách song ngữ (Anh – Việt) khảo cứu về lịch sử súng đạn của Việt Nam, tập trung vào việc khám phá những công nghệ và chiến thuật độc đáo của người Việt trong việc sử dụng súng đạn để dựng nước và giữ nước.</em></p><p><em style=\"background-color: rgb(255, 255, 255); color: rgb(35, 35, 35);\">Đặc biệt, cuốn sách cung cấp những thông tin chi tiết về các loại súng đạn được sử dụng trong lịch sử của Việt Nam, Bằng cách đó, người đọc có thể hiểu rõ hơn về tầm quan trọng của súng đạn trong việc bảo vệ đất nước và xây dựng quốc gia.</em></p><p><br></p>','2024-04-01','2024-04-10',0,11,588500.00),(6,5,'50 Sắc Màu Tập 1','https://imagedelivery.net/qUfEtSOHlgMQ8zObLoE0pg/bec5a347-adf6-46b7-46f2-92c5cf2f5000/w=705','50 sắc màu kể về một thiếu nữ tuổi trăng tròn với sở thích đọc truyện ngôn tình vô cùng tao nhã, mục tiêu của nàng là cứ mỗi buổi tối trước khi đi ngủ sẽ đọc xong một tựa truyện. Thế nhưng vào một đêm nọ nàng vô tình bị hút vào thế giới trong truyện và bất ngờ sắm luôn vai nữ chính mang tên Kim Ngân… Ở thế giới mới lạ lẫm không có trong tay một cái gì ngoài bộ ngực khủng và mối quan hệ với anh tổng giám đốc đẹp trai Định Phong, liệu câu chuyện ngôn tình mà nàng đang đọc dở dang sẽ xoay chuyển đến đâu..?! ','50 Sắc Màu là bộ truyện tranh dành cho thiếu nữ đầu tiên tại Việt Nam. Tác phẩm được viết bởi nữ họa sĩ trẻ Dương Thạch Thảo – còn được biết đến trên cộng đồng mạng với bút danh Nie.\r\n\r\nTại Nhật Bản, thể loại Shoujo – truyện tranh dành cho thiếu nữ rất phổ biến và được nhiều người yêu thích. Tuy nhiên, trên thị trường truyện tranh Việt vẫn chưa hề có một tác phẩm nào đặc biệt dành riêng cho các độc giả nữ. 50 Sắc Màu chính là tác phẩm đi tiên phong trong thể loại này. 50 sắc màu kể về một thiếu nữ tuổi trăng tròn với sở thích đọc truyện ngôn tình vô cùng tao nhã, mục tiêu của nàng là cứ mỗi buổi tối trước khi đi ngủ sẽ đọc xong một tựa truyện. Thế nhưng vào một đêm nọ nàng vô tình bị hút vào thế giới trong truyện và bất ngờ sắm luôn vai nữ chính mang tên Kim Ngân… Ở thế giới mới lạ lẫm không có trong tay một cái gì ngoài bộ ngực khủng và mối quan hệ với anh tổng giám đốc đẹp trai Định Phong, liệu câu chuyện ngôn tình mà nàng đang đọc dở dang sẽ xoay chuyển đến đâu..?!\r\n\r\nNie gây ấn tượng bằng nét vẽ được trau chuốt, tạo hình nhân vật bắt mắt, thu hút. Các tác phẩm của Nie đều hướng tới các độc giả nữ nên các câu chuyện được kể đều mang màu sắc tình yêu ngọt ngào, lãng mạn,… Chính vì vậy, truyện của Nie đều nhận được nhiều quan tâm và phản hồi tích cực. Có thể nói, 50 Sắc Màu được xem như một cuốn ngôn tình được kể bằng tranh.\r\n\r\nTác phẩm hứa hẹn sẽ đem lại nhiều điều bất ngờ và mới mẻ, không đơn thuần như những oneshot trước của Nie. Truyện chắc chắn sẽ không làm thất vọng những ai đã dành tình cảm cho thể loại truyện tranh thiếu nữ và hấp dẫn những ai muốn trải nghiệm thể loại mới này.','2024-04-01','2024-04-10',1,9,48150.00),(7,5,'50 Sắc Màu Tập 2','https://imagedelivery.net/qUfEtSOHlgMQ8zObLoE0pg/56b0b4b6-f833-46d6-47e7-08ba5a4d2100/w=705','50 sắc màu kể về một thiếu nữ tuổi trăng tròn với sở thích đọc truyện ngôn tình vô cùng tao nhã, mục tiêu của nàng là cứ mỗi buổi tối trước khi đi ngủ sẽ đọc xong một tựa truyện. Thế nhưng vào một đêm nọ nàng vô tình bị hút vào thế giới trong truyện và bất ngờ sắm luôn vai nữ chính mang tên Kim Ngân… Ở thế giới mới lạ lẫm không có trong tay một cái gì ngoài bộ ngực khủng và mối quan hệ với anh tổng giám đốc đẹp trai Định Phong, liệu câu chuyện ngôn tình mà nàng đang đọc dở dang sẽ xoay chuyển đến đâu..?! ','50 Sắc Màu là bộ truyện tranh dành cho thiếu nữ đầu tiên tại Việt Nam. Tác phẩm được viết bởi nữ họa sĩ trẻ Dương Thạch Thảo – còn được biết đến trên cộng đồng mạng với bút danh Nie.\r\n\r\nTại Nhật Bản, thể loại Shoujo – truyện tranh dành cho thiếu nữ rất phổ biến và được nhiều người yêu thích. Tuy nhiên, trên thị trường truyện tranh Việt vẫn chưa hề có một tác phẩm nào đặc biệt dành riêng cho các độc giả nữ. 50 Sắc Màu chính là tác phẩm đi tiên phong trong thể loại này. 50 sắc màu kể về một thiếu nữ tuổi trăng tròn với sở thích đọc truyện ngôn tình vô cùng tao nhã, mục tiêu của nàng là cứ mỗi buổi tối trước khi đi ngủ sẽ đọc xong một tựa truyện. Thế nhưng vào một đêm nọ nàng vô tình bị hút vào thế giới trong truyện và bất ngờ sắm luôn vai nữ chính mang tên Kim Ngân… Ở thế giới mới lạ lẫm không có trong tay một cái gì ngoài bộ ngực khủng và mối quan hệ với anh tổng giám đốc đẹp trai Định Phong, liệu câu chuyện ngôn tình mà nàng đang đọc dở dang sẽ xoay chuyển đến đâu..?!\r\n\r\nNie gây ấn tượng bằng nét vẽ được trau chuốt, tạo hình nhân vật bắt mắt, thu hút. Các tác phẩm của Nie đều hướng tới các độc giả nữ nên các câu chuyện được kể đều mang màu sắc tình yêu ngọt ngào, lãng mạn,… Chính vì vậy, truyện của Nie đều nhận được nhiều quan tâm và phản hồi tích cực. Có thể nói, 50 Sắc Màu được xem như một cuốn ngôn tình được kể bằng tranh.\r\n\r\nTác phẩm hứa hẹn sẽ đem lại nhiều điều bất ngờ và mới mẻ, không đơn thuần như những oneshot trước của Nie. Truyện chắc chắn sẽ không làm thất vọng những ai đã dành tình cảm cho thể loại truyện tranh thiếu nữ và hấp dẫn những ai muốn trải nghiệm thể loại mới này.','2024-04-01','2024-04-10',1,6,48150.00),(8,3,'Bad Luck Tập 1','https://imagedelivery.net/qUfEtSOHlgMQ8zObLoE0pg/878c7553-6989-4a79-1036-353847ab6500/w=705','<h3><strong style=\"color: rgb(23, 24, 26);\">Giới thiệu về Bad Luck tập 1</strong></h3><p><span style=\"color: rgb(35, 35, 35);\">Là bộ truyện tranh được đọc nhiều nhất trên Comicola, một trong những tác phẩm truyện tranh Việt Nam có lượng fan đông đảo và hùng hậu bậc nhất hiện nay.</span></p><p><span style=\"color: rgb(35, 35, 35);\">Bad Luck ban đầu được dự tính sẽ phát hành online 100%. Tuy nhiên, chúng tôi đã có những chỉnh sửa, nâng cấp nhất định dành cho Bad Luck, và nhận được sự ủng hộ nhiệt tình từ phía các anh chị bên phía nhà xuất bản để có thể ra lò cuốn sách.</span></p><p><span style=\"color: rgb(35, 35, 35);\">Bad Luck tập 1 bao gồm&nbsp;</span><strong style=\"color: rgb(35, 35, 35);\">13</strong><span style=\"color: rgb(35, 35, 35);\">&nbsp;chương của Bad Luck (Từ chương 01 – chương 13), được chỉnh sửa, nâng cấp. Cuốn sách dày 244 trang, được in trên khổ 14.5 x 20.5, bìa gập có tay gấp, giấy chất lượng tốt.</span></p><p><span style=\"color: rgb(35, 35, 35);\">&nbsp;</span></p><h3><strong style=\"color: rgb(23, 24, 26);\">Thông tin từ báo chí</strong></h3><ol><li data-list=\"bullet\"><span class=\"ql-ui\" contenteditable=\"false\"></span><a href=\"http://xn--bad%20luck%20-%20s%20nh-085m6c:%20truy%E1%BB%87n%20tranh%20Vi%E1%BB%87t%20%C4%91%C6%B0%E1%BB%A3c%20chuy%E1%BB%83n%20th%E1%BB%83%20th%C3%A0nh%20phim/\" rel=\"noopener noreferrer\" target=\"_blank\" style=\"background-color: initial; color: rgb(50, 50, 50);\">Bad Luck – Số nhọ: truyện tranh Việt được chuyển thể thành phim – Tuổi Trẻ</a></li><li data-list=\"bullet\"><span class=\"ql-ui\" contenteditable=\"false\"></span><a href=\"http://kenh14.vn/truyen-tranh-viet-bad-luck-gay-sot-mot-thoi-se-co-phien-ban-live-action-trong-nam-nay-20180306210913934.chn\" rel=\"noopener noreferrer\" target=\"_blank\" style=\"background-color: initial; color: rgb(50, 50, 50);\">Truyện tranh Việt “Bad Luck” gây sốt một thời sẽ có phiên bản live-action trong năm nay! – Kênh 14</a></li><li data-list=\"bullet\"><span class=\"ql-ui\" contenteditable=\"false\"></span><a href=\"https://news.zing.vn/truyen-tranh-ve-thanh-nho-cua-tac-gia-viet-duoc-dung-phim-post827729.html\" rel=\"noopener noreferrer\" target=\"_blank\" style=\"background-color: initial; color: rgb(50, 50, 50);\">Truyện tranh về ‘thánh nhọ’ của tác giả Việt được dựng phim – Zing.vn</a></li><li data-list=\"bullet\"><span class=\"ql-ui\" contenteditable=\"false\"></span><a href=\"http://gamek.vn/manga-film/bad-luck-bo-truyen-tranh-hai-viet-gay-sot-hien-nay-20150724155418277.chn\" rel=\"noopener noreferrer\" target=\"_blank\" style=\"background-color: initial; color: rgb(50, 50, 50);\">Bad Luck – Bộ truyện tranh hài Việt gây sốt hiện nay -Gamek</a></li><li data-list=\"bullet\"><span class=\"ql-ui\" contenteditable=\"false\"></span><a href=\"http://thethaovanhoa.vn/bong-da/tac-gia-cung-bo-cap-cua-truyen-tranh-mang-bad-luck-bat-ngo-vi-doc-gia-ham-mo-n20150823084106141.htm\" rel=\"noopener noreferrer\" target=\"_blank\" style=\"background-color: initial; color: rgb(50, 50, 50);\">Tác giả cung bọ cạp của truyện tranh mạng ‘Bad Luck’ bất ngờ vì độc giả hâm mộ – Thể Thao Văn Hóa</a></li><li data-list=\"bullet\"><span class=\"ql-ui\" contenteditable=\"false\"></span><a href=\"http://ione.vnexpress.net/tin-tuc/nhip-song/bad-luck-series-truyen-tranh-khong-long-lanh-van-hut-like-am-am-3252642.html\" rel=\"noopener noreferrer\" target=\"_blank\" style=\"background-color: initial; color: rgb(50, 50, 50);\">Bad luck – Series truyện tranh không long lanh vẫn hút like ầm ầm – vnExpress</a></li></ol><p><span style=\"color: rgb(35, 35, 35);\">&nbsp;</span></p><h3><strong style=\"color: rgb(23, 24, 26);\">Thông tin sản phẩm</strong></h3><ol><li data-list=\"bullet\"><span class=\"ql-ui\" contenteditable=\"false\"></span><span style=\"color: rgb(35, 35, 35);\">Gồm 13 chương của Bad Luck, được chỉnh sửa và nâng cấp.</span></li><li data-list=\"bullet\"><span class=\"ql-ui\" contenteditable=\"false\"></span><span style=\"color: rgb(35, 35, 35);\">Cuốn sách dày 244 trang.</span></li><li data-list=\"bullet\"><span class=\"ql-ui\" contenteditable=\"false\"></span><span style=\"color: rgb(35, 35, 35);\">Kích thước: 14.5 x 20.5 cm.</span></li></ol><p><br></p>','<p><span style=\"background-color: rgb(255, 255, 255); color: rgb(35, 35, 35);\">Là bộ truyện tranh được đọc nhiều nhất trên Comicola, một trong những tác phẩm truyện tranh Việt Nam có lượng fan đông đảo và hùng hậu bậc nhất hiện nay.</span></p><h3><strong style=\"background-color: rgb(255, 255, 255); color: rgb(23, 24, 26);\">Thông tin sản phẩm</strong></h3><ol><li data-list=\"bullet\"><span class=\"ql-ui\" contenteditable=\"false\"></span><span style=\"background-color: rgb(255, 255, 255); color: rgb(35, 35, 35);\">Gồm 13 chương của Bad Luck, được chỉnh sửa và nâng cấp.</span></li><li data-list=\"bullet\"><span class=\"ql-ui\" contenteditable=\"false\"></span><span style=\"background-color: rgb(255, 255, 255); color: rgb(35, 35, 35);\">Cuốn sách dày 244 trang.</span></li><li data-list=\"bullet\"><span class=\"ql-ui\" contenteditable=\"false\"></span><span style=\"background-color: rgb(255, 255, 255); color: rgb(35, 35, 35);\">Kích thước: 14.5 x 20.5 cm.</span></li></ol><p><br></p>','2024-04-01','2024-04-10',0,12,83460.00),(9,3,'Bad Luck Tập 2','https://imagedelivery.net/qUfEtSOHlgMQ8zObLoE0pg/5daf7980-155c-4d08-27d9-cbce007bcb00/w=705','<h3><strong style=\"color: rgb(23, 24, 26);\">Giới thiệu về Bad Luck tập 2</strong></h3><p><span style=\"color: rgb(35, 35, 35);\">Là bộ truyện tranh được đọc nhiều nhất trên Comicola, một trong những tác phẩm truyện tranh Việt Nam có lượng fan đông đảo và hùng hậu bậc nhất hiện nay.</span></p><p><span style=\"color: rgb(35, 35, 35);\">Bad Luck ban đầu được dự tính sẽ phát hành online 100%. Tuy nhiên, chúng tôi đã có những chỉnh sửa, nâng cấp nhất định dành cho Bad Luck, và nhận được sự ủng hộ nhiệt tình từ phía các anh chị bên phía nhà xuất bản để có thể ra lò cuốn sách.</span></p><p><span style=\"color: rgb(35, 35, 35);\">Bad Luck tập 2 bao gồm&nbsp;</span><strong style=\"color: rgb(35, 35, 35);\">12</strong><span style=\"color: rgb(35, 35, 35);\">&nbsp;chương của Bad Luck (Từ chương 14 – chương 26), được chỉnh sửa, nâng cấp. Cuốn sách dày 264 trang, được in trên khổ 14.5 x 20.5, bìa gập có tay gấp, giấy chất lượng tốt.</span></p><p><span style=\"color: rgb(35, 35, 35);\">&nbsp;</span></p><h3><strong style=\"color: rgb(23, 24, 26);\">Thông tin từ báo chí</strong></h3><ol><li data-list=\"bullet\"><span class=\"ql-ui\" contenteditable=\"false\"></span><a href=\"http://xn--bad%20luck%20-%20s%20nh-085m6c:%20truy%E1%BB%87n%20tranh%20Vi%E1%BB%87t%20%C4%91%C6%B0%E1%BB%A3c%20chuy%E1%BB%83n%20th%E1%BB%83%20th%C3%A0nh%20phim/\" rel=\"noopener noreferrer\" target=\"_blank\" style=\"background-color: initial; color: rgb(50, 50, 50);\">Bad Luck – Số nhọ: truyện tranh Việt được chuyển thể thành phim – Tuổi Trẻ</a></li><li data-list=\"bullet\"><span class=\"ql-ui\" contenteditable=\"false\"></span><a href=\"http://kenh14.vn/truyen-tranh-viet-bad-luck-gay-sot-mot-thoi-se-co-phien-ban-live-action-trong-nam-nay-20180306210913934.chn\" rel=\"noopener noreferrer\" target=\"_blank\" style=\"background-color: initial; color: rgb(50, 50, 50);\">Truyện tranh Việt “Bad Luck” gây sốt một thời sẽ có phiên bản live-action trong năm nay! – Kênh 14</a></li><li data-list=\"bullet\"><span class=\"ql-ui\" contenteditable=\"false\"></span><a href=\"https://news.zing.vn/truyen-tranh-ve-thanh-nho-cua-tac-gia-viet-duoc-dung-phim-post827729.html\" rel=\"noopener noreferrer\" target=\"_blank\" style=\"background-color: initial; color: rgb(50, 50, 50);\">Truyện tranh về ‘thánh nhọ’ của tác giả Việt được dựng phim – Zing.vn</a></li><li data-list=\"bullet\"><span class=\"ql-ui\" contenteditable=\"false\"></span><a href=\"http://gamek.vn/manga-film/bad-luck-bo-truyen-tranh-hai-viet-gay-sot-hien-nay-20150724155418277.chn\" rel=\"noopener noreferrer\" target=\"_blank\" style=\"background-color: initial; color: rgb(50, 50, 50);\">Bad Luck – Bộ truyện tranh hài Việt gây sốt hiện nay -Gamek</a></li><li data-list=\"bullet\"><span class=\"ql-ui\" contenteditable=\"false\"></span><a href=\"http://thethaovanhoa.vn/bong-da/tac-gia-cung-bo-cap-cua-truyen-tranh-mang-bad-luck-bat-ngo-vi-doc-gia-ham-mo-n20150823084106141.htm\" rel=\"noopener noreferrer\" target=\"_blank\" style=\"background-color: initial; color: rgb(50, 50, 50);\">Tác giả cung bọ cạp của truyện tranh mạng ‘Bad Luck’ bất ngờ vì độc giả hâm mộ – Thể Thao Văn Hóa</a></li><li data-list=\"bullet\"><span class=\"ql-ui\" contenteditable=\"false\"></span><a href=\"http://ione.vnexpress.net/tin-tuc/nhip-song/bad-luck-series-truyen-tranh-khong-long-lanh-van-hut-like-am-am-3252642.html\" rel=\"noopener noreferrer\" target=\"_blank\" style=\"background-color: initial; color: rgb(50, 50, 50);\">Bad luck – Series truyện tranh không long lanh vẫn hút like ầm ầm – vnExpress</a></li></ol><p><span style=\"color: rgb(35, 35, 35);\">&nbsp;</span></p><h3><strong style=\"color: rgb(23, 24, 26);\">Thông tin sản phẩm</strong></h3><ol><li data-list=\"bullet\"><span class=\"ql-ui\" contenteditable=\"false\"></span><span style=\"color: rgb(35, 35, 35);\">Gồm 12 chương của Bad Luck, được chỉnh sửa và nâng cấp.</span></li><li data-list=\"bullet\"><span class=\"ql-ui\" contenteditable=\"false\"></span><span style=\"color: rgb(35, 35, 35);\">Cuốn sách dày 264 trang.</span></li><li data-list=\"bullet\"><span class=\"ql-ui\" contenteditable=\"false\"></span><span style=\"color: rgb(35, 35, 35);\">Kích thước: 14.5 x 20.5 cm.</span></li></ol><p><br></p>','<p><span style=\"background-color: rgb(255, 255, 255); color: rgb(35, 35, 35);\">Là bộ truyện tranh được đọc nhiều nhất trên Comicola, một trong những tác phẩm truyện tranh Việt Nam có lượng fan đông đảo và hùng hậu bậc nhất hiện nay.</span></p><h3><strong style=\"background-color: rgb(255, 255, 255); color: rgb(23, 24, 26);\">Thông tin sản phẩm</strong></h3><ol><li data-list=\"bullet\"><span class=\"ql-ui\" contenteditable=\"false\"></span><span style=\"background-color: rgb(255, 255, 255); color: rgb(35, 35, 35);\">Gồm 12 chương của Bad Luck, được chỉnh sửa và nâng cấp.</span></li><li data-list=\"bullet\"><span class=\"ql-ui\" contenteditable=\"false\"></span><span style=\"background-color: rgb(255, 255, 255); color: rgb(35, 35, 35);\">Cuốn sách dày 264 trang.</span></li><li data-list=\"bullet\"><span class=\"ql-ui\" contenteditable=\"false\"></span><span style=\"background-color: rgb(255, 255, 255); color: rgb(35, 35, 35);\">Kích thước: 14.5 x 20.5 cm.</span></li></ol><p><br></p>','2024-04-01','2024-04-10',1,20,83460.00),(10,3,'Bad Luck Tập 3','https://imagedelivery.net/qUfEtSOHlgMQ8zObLoE0pg/f9e27daa-40cf-499a-a246-b166f5634100/w=705','<p><em style=\"color: rgb(35, 35, 35);\">Ở tập trước, Minh bị Tống Trần thôi miên và bắt cóc tới đại bản doanh. Nhờ vào skill “một câu bình thiên hạ” và lời hứa lắp vòi xịt đít, từ con tin, Minh vươn mình trở thành trùm cuối của tập đoàn tội phạm quốc tế. Còn An nhờ bị tai nạn mà phá vỡ được phong ấn…</em></p><p><em style=\"color: rgb(35, 35, 35);\">Trong tập 3 này, liệu An trong trạng thái full năng lực có cứu được Minh?</em></p><h3><strong style=\"color: rgb(23, 24, 26);\">Giới thiệu về Bad Luck tập 3</strong></h3><p><span style=\"color: rgb(35, 35, 35);\">Là bộ truyện tranh được đọc nhiều nhất trên Comicola, một trong những tác phẩm truyện tranh Việt Nam có lượng fan đông đảo và hùng hậu bậc nhất hiện nay.</span></p><p><span style=\"color: rgb(35, 35, 35);\">Bad Luck ban đầu được dự tính sẽ phát hành online 100%. Tuy nhiên, chúng tôi đã có những chỉnh sửa, nâng cấp nhất định dành cho Bad Luck, và nhận được sự ủng hộ nhiệt tình từ phía các anh chị bên phía nhà xuất bản để có thể ra lò cuốn sách.</span></p><p><span style=\"color: rgb(35, 35, 35);\">Bad Luck tập 3 bao gồm&nbsp;</span><strong style=\"color: rgb(35, 35, 35);\">10</strong><span style=\"color: rgb(35, 35, 35);\">&nbsp;chương của Bad Luck (Từ chương 27 – chương 36), được chỉnh sửa, nâng cấp. Cuốn sách dày 214 trang, được in trên khổ 14.5 x 20.5, bìa gập có tay gấp, giấy chất lượng tốt.</span></p><p><span style=\"color: rgb(35, 35, 35);\">&nbsp;</span></p><h3><strong style=\"color: rgb(23, 24, 26);\">Thông tin từ báo chí</strong></h3><ol><li data-list=\"bullet\"><span class=\"ql-ui\" contenteditable=\"false\"></span><a href=\"http://xn--bad%20luck%20-%20s%20nh-085m6c:%20truy%E1%BB%87n%20tranh%20Vi%E1%BB%87t%20%C4%91%C6%B0%E1%BB%A3c%20chuy%E1%BB%83n%20th%E1%BB%83%20th%C3%A0nh%20phim/\" rel=\"noopener noreferrer\" target=\"_blank\" style=\"background-color: initial; color: rgb(50, 50, 50);\">Bad Luck – Số nhọ: truyện tranh Việt được chuyển thể thành phim – Tuổi Trẻ</a></li><li data-list=\"bullet\"><span class=\"ql-ui\" contenteditable=\"false\"></span><a href=\"http://kenh14.vn/truyen-tranh-viet-bad-luck-gay-sot-mot-thoi-se-co-phien-ban-live-action-trong-nam-nay-20180306210913934.chn\" rel=\"noopener noreferrer\" target=\"_blank\" style=\"background-color: initial; color: rgb(50, 50, 50);\">Truyện tranh Việt “Bad Luck” gây sốt một thời sẽ có phiên bản live-action trong năm nay! – Kênh 14</a></li><li data-list=\"bullet\"><span class=\"ql-ui\" contenteditable=\"false\"></span><a href=\"https://news.zing.vn/truyen-tranh-ve-thanh-nho-cua-tac-gia-viet-duoc-dung-phim-post827729.html\" rel=\"noopener noreferrer\" target=\"_blank\" style=\"background-color: initial; color: rgb(50, 50, 50);\">Truyện tranh về ‘thánh nhọ’ của tác giả Việt được dựng phim – Zing.vn</a></li><li data-list=\"bullet\"><span class=\"ql-ui\" contenteditable=\"false\"></span><a href=\"http://gamek.vn/manga-film/bad-luck-bo-truyen-tranh-hai-viet-gay-sot-hien-nay-20150724155418277.chn\" rel=\"noopener noreferrer\" target=\"_blank\" style=\"background-color: initial; color: rgb(50, 50, 50);\">Bad Luck – Bộ truyện tranh hài Việt gây sốt hiện nay -Gamek</a></li><li data-list=\"bullet\"><span class=\"ql-ui\" contenteditable=\"false\"></span><a href=\"http://thethaovanhoa.vn/bong-da/tac-gia-cung-bo-cap-cua-truyen-tranh-mang-bad-luck-bat-ngo-vi-doc-gia-ham-mo-n20150823084106141.htm\" rel=\"noopener noreferrer\" target=\"_blank\" style=\"background-color: initial; color: rgb(50, 50, 50);\">Tác giả cung bọ cạp của truyện tranh mạng ‘Bad Luck’ bất ngờ vì độc giả hâm mộ – Thể Thao Văn Hóa</a></li><li data-list=\"bullet\"><span class=\"ql-ui\" contenteditable=\"false\"></span><a href=\"http://ione.vnexpress.net/tin-tuc/nhip-song/bad-luck-series-truyen-tranh-khong-long-lanh-van-hut-like-am-am-3252642.html\" rel=\"noopener noreferrer\" target=\"_blank\" style=\"background-color: initial; color: rgb(50, 50, 50);\">Bad luck – Series truyện tranh không long lanh vẫn hút like ầm ầm – vnExpress</a></li></ol><p><span style=\"color: rgb(35, 35, 35);\">&nbsp;</span></p><h3><strong style=\"color: rgb(23, 24, 26);\">Thông tin sản phẩm</strong></h3><ol><li data-list=\"bullet\"><span class=\"ql-ui\" contenteditable=\"false\"></span><span style=\"color: rgb(35, 35, 35);\">Gồm 10 chương của Bad Luck, được chỉnh sửa và nâng cấp.</span></li><li data-list=\"bullet\"><span class=\"ql-ui\" contenteditable=\"false\"></span><span style=\"color: rgb(35, 35, 35);\">Cuốn sách dày 214 trang.</span></li><li data-list=\"bullet\"><span class=\"ql-ui\" contenteditable=\"false\"></span><span style=\"color: rgb(35, 35, 35);\">Kích thước: 14.5 x 20.5 cm.</span></li></ol><p><br></p>','Là bộ truyện tranh được đọc nhiều nhất trên Comicola, một trong những tác phẩm truyện tranh Việt Nam có lượng fan đông đảo và hùng hậu bậc nhất hiện nay.\r\n\r\nBad Luck ban đầu được dự tính sẽ phát hành online 100%. Tuy nhiên, chúng tôi đã có những chỉnh sửa, nâng cấp nhất định dành cho Bad Luck, và nhận được sự ủng hộ nhiệt tình từ phía các anh chị bên phía nhà xuất bản để có thể ra lò cuốn sách.\r\n\r\nBad Luck tập 3 bao gồm 10 chương của Bad Luck (Từ chương 27 – chương 36), được chỉnh sửa, nâng cấp. Cuốn sách dày 214 trang, được in trên khổ 14.5 x 20.5, bìa gập có tay gấp, giấy chất lượng tốt.','2024-04-01','2024-04-10',1,16,83460.00),(11,3,'Bad Luck Tập 4','https://imagedelivery.net/qUfEtSOHlgMQ8zObLoE0pg/6e2ea6c4-4399-4765-b466-61522587e900/w=705','<h3><strong style=\"background-color: rgb(255, 255, 255); color: rgb(23, 24, 26);\">Giới thiệu về Bad Luck tập 4</strong></h3><p><span style=\"color: rgb(35, 35, 35); background-color: rgb(255, 255, 255);\">Là bộ truyện tranh được đọc nhiều nhất trên Comicola, một trong những tác phẩm truyện tranh Việt Nam có lượng fan đông đảo và hùng hậu bậc nhất hiện nay.</span></p><p><span style=\"color: rgb(35, 35, 35); background-color: rgb(255, 255, 255);\">Bad Luck ban đầu được dự tính sẽ phát hành online 100%. Tuy nhiên, chúng tôi đã có những chỉnh sửa, nâng cấp nhất định dành cho Bad Luck, và nhận được sự ủng hộ nhiệt tình từ phía các anh chị bên phía nhà xuất bản để có thể ra lò cuốn sách.</span></p><p><span style=\"color: rgb(35, 35, 35); background-color: rgb(255, 255, 255);\">Bad Luck tập 4 bao gồm&nbsp;</span><strong style=\"color: rgb(35, 35, 35); background-color: rgb(255, 255, 255);\">12</strong><span style=\"color: rgb(35, 35, 35); background-color: rgb(255, 255, 255);\">&nbsp;chương của Bad Luck (Từ chương 37 – chương 48), được chỉnh sửa, nâng cấp. Cuốn sách dày 248 trang, được in trên khổ 14.5 x 20.5, bìa gập có tay gấp, giấy chất lượng tốt.</span></p><p><span style=\"color: rgb(35, 35, 35); background-color: rgb(255, 255, 255);\">&nbsp;</span></p><h3><strong style=\"background-color: rgb(255, 255, 255); color: rgb(23, 24, 26);\">Thông tin từ báo chí</strong></h3><ol><li data-list=\"bullet\"><span class=\"ql-ui\" contenteditable=\"false\"></span><a href=\"http://xn--bad%20luck%20-%20s%20nh-085m6c:%20truy%E1%BB%87n%20tranh%20Vi%E1%BB%87t%20%C4%91%C6%B0%E1%BB%A3c%20chuy%E1%BB%83n%20th%E1%BB%83%20th%C3%A0nh%20phim/\" rel=\"noopener noreferrer\" target=\"_blank\" style=\"background-color: initial; color: rgb(50, 50, 50);\">Bad Luck – Số nhọ: truyện tranh Việt được chuyển thể thành phim – Tuổi Trẻ</a></li><li data-list=\"bullet\"><span class=\"ql-ui\" contenteditable=\"false\"></span><a href=\"http://kenh14.vn/truyen-tranh-viet-bad-luck-gay-sot-mot-thoi-se-co-phien-ban-live-action-trong-nam-nay-20180306210913934.chn\" rel=\"noopener noreferrer\" target=\"_blank\" style=\"background-color: initial; color: rgb(50, 50, 50);\">Truyện tranh Việt “Bad Luck” gây sốt một thời sẽ có phiên bản live-action trong năm nay! – Kênh 14</a></li><li data-list=\"bullet\"><span class=\"ql-ui\" contenteditable=\"false\"></span><a href=\"https://news.zing.vn/truyen-tranh-ve-thanh-nho-cua-tac-gia-viet-duoc-dung-phim-post827729.html\" rel=\"noopener noreferrer\" target=\"_blank\" style=\"background-color: initial; color: rgb(50, 50, 50);\">Truyện tranh về ‘thánh nhọ’ của tác giả Việt được dựng phim – Zing.vn</a></li><li data-list=\"bullet\"><span class=\"ql-ui\" contenteditable=\"false\"></span><a href=\"http://gamek.vn/manga-film/bad-luck-bo-truyen-tranh-hai-viet-gay-sot-hien-nay-20150724155418277.chn\" rel=\"noopener noreferrer\" target=\"_blank\" style=\"background-color: initial; color: rgb(50, 50, 50);\">Bad Luck – Bộ truyện tranh hài Việt gây sốt hiện nay -Gamek</a></li><li data-list=\"bullet\"><span class=\"ql-ui\" contenteditable=\"false\"></span><a href=\"http://thethaovanhoa.vn/bong-da/tac-gia-cung-bo-cap-cua-truyen-tranh-mang-bad-luck-bat-ngo-vi-doc-gia-ham-mo-n20150823084106141.htm\" rel=\"noopener noreferrer\" target=\"_blank\" style=\"background-color: initial; color: rgb(50, 50, 50);\">Tác giả cung bọ cạp của truyện tranh mạng ‘Bad Luck’ bất ngờ vì độc giả hâm mộ – Thể Thao Văn Hóa</a></li><li data-list=\"bullet\"><span class=\"ql-ui\" contenteditable=\"false\"></span><a href=\"http://ione.vnexpress.net/tin-tuc/nhip-song/bad-luck-series-truyen-tranh-khong-long-lanh-van-hut-like-am-am-3252642.html\" rel=\"noopener noreferrer\" target=\"_blank\" style=\"background-color: initial; color: rgb(50, 50, 50);\">Bad luck – Series truyện tranh không long lanh vẫn hút like ầm ầm – vnExpress</a></li></ol><p><span style=\"color: rgb(35, 35, 35); background-color: rgb(255, 255, 255);\">&nbsp;</span></p><h3><strong style=\"background-color: rgb(255, 255, 255); color: rgb(23, 24, 26);\">Thông tin sản phẩm</strong></h3><h5><strong style=\"background-color: rgb(255, 255, 255); color: rgb(23, 24, 26);\">Bản Đặc Biệt</strong></h5><ol><li data-list=\"bullet\"><span class=\"ql-ui\" contenteditable=\"false\"></span><span style=\"color: rgb(35, 35, 35); background-color: rgb(255, 255, 255);\">Cuốn sách dày 248 trang.</span></li><li data-list=\"bullet\"><span class=\"ql-ui\" contenteditable=\"false\"></span><span style=\"color: rgb(35, 35, 35); background-color: rgb(255, 255, 255);\">Bìa áo hình 4 nhân vật An, Vy, Minh và Hoàng được Vuy – tác giả bộ truyện đình đám “Bẩm thầy Tường, có thầy Vũ đến tìm!” chính tay chắp bút.</span></li><li data-list=\"bullet\"><span class=\"ql-ui\" contenteditable=\"false\"></span><span style=\"color: rgb(35, 35, 35); background-color: rgb(255, 255, 255);\">Kích thước: 14.5 x 20.5 cm.</span></li><li data-list=\"bullet\"><span class=\"ql-ui\" contenteditable=\"false\"></span><span style=\"color: rgb(35, 35, 35); background-color: rgb(255, 255, 255);\">Gồm 12 chương của Bad Luck, được chỉnh sửa và nâng cấp.</span></li><li data-list=\"bullet\"><span class=\"ql-ui\" contenteditable=\"false\"></span><span style=\"color: rgb(35, 35, 35); background-color: rgb(255, 255, 255);\">Standee Minh và Hoàng (bạn có thể lựa chọn mua kèm sách bản đặc biệt với giá ưu đãi)</span></li><li data-list=\"bullet\" class=\"ql-indent-1\"><span class=\"ql-ui\" contenteditable=\"false\"></span><span style=\"color: rgb(35, 35, 35); background-color: rgb(255, 255, 255);\">Standee được làm bằng chất liệu acrylic, không bị oxy hóa và lên màu đẹp.</span></li><li data-list=\"bullet\" class=\"ql-indent-1\"><span class=\"ql-ui\" contenteditable=\"false\"></span><span style=\"color: rgb(35, 35, 35); background-color: rgb(255, 255, 255);\">Trong quá trình vận chuyển, standee được bọc bên ngoài bởi một lớp màng chống xước, đảm bảo chất lượng sản phẩm khi tới tay khách hàng.</span></li><li data-list=\"bullet\" class=\"ql-indent-1\"><span class=\"ql-ui\" contenteditable=\"false\"></span><span style=\"color: rgb(35, 35, 35); background-color: rgb(255, 255, 255);\">Tính năng AR Scan, khi sử dụng tính năng này, hình ảnh standee hiện lên trên màn hình điện thoại sẽ có thêm hiệu ứng thú vị.</span></li></ol><h5><strong style=\"background-color: rgb(255, 255, 255); color: rgb(23, 24, 26);\">Bản Phổ Thông</strong></h5><ol><li data-list=\"bullet\"><span class=\"ql-ui\" contenteditable=\"false\"></span><span style=\"color: rgb(35, 35, 35); background-color: rgb(255, 255, 255);\">Gồm 12 chương của Bad Luck, được chỉnh sửa và nâng cấp.</span></li><li data-list=\"bullet\"><span class=\"ql-ui\" contenteditable=\"false\"></span><span style=\"color: rgb(35, 35, 35); background-color: rgb(255, 255, 255);\">Cuốn sách dày 248 trang.</span></li><li data-list=\"bullet\"><span class=\"ql-ui\" contenteditable=\"false\"></span><span style=\"color: rgb(35, 35, 35); background-color: rgb(255, 255, 255);\">Kích thước: 14.5 x 20.5 cm.</span></li></ol><p><span style=\"color: rgb(35, 35, 35); background-color: rgb(255, 255, 255);\">&nbsp;</span></p><p><span style=\"color: rgb(35, 35, 35); background-color: rgb(255, 255, 255);\"><img src=\"https://i0.wp.com/shop.comicola.com/wp-content/uploads/2020/11/badluck4.jpg?resize=1000%2C686&amp;ssl=1\" height=\"686\" width=\"1000\"></span></p><p><a href=\"https://shop.comicola.com/?attachment_id=355535\" rel=\"noopener noreferrer\" target=\"_blank\" style=\"background-color: initial; color: rgb(50, 50, 50);\"><img src=\"https://i0.wp.com/shop.comicola.com/wp-content/uploads/2020/11/badluck4-1.jpg?fit=1000%2C800&amp;ssl=1\" height=\"800\" width=\"1000\"></a></p><p><a href=\"https://shop.comicola.com/?attachment_id=355533\" rel=\"noopener noreferrer\" target=\"_blank\" style=\"background-color: initial; color: rgb(50, 50, 50);\"><img src=\"https://i0.wp.com/shop.comicola.com/wp-content/uploads/2020/11/badluck4-2.jpg?fit=1000%2C800&amp;ssl=1\" height=\"800\" width=\"1000\"></a></p><p><a href=\"https://shop.comicola.com/?attachment_id=355534\" rel=\"noopener noreferrer\" target=\"_blank\" style=\"background-color: initial; color: rgb(50, 50, 50);\"><img src=\"https://i0.wp.com/shop.comicola.com/wp-content/uploads/2020/11/standee-minh-hoang.jpg?fit=1000%2C800&amp;ssl=1\" height=\"800\" width=\"1000\"></a></p><p><br></p><p><br></p>','Là bộ truyện tranh được đọc nhiều nhất trên Comicola, một trong những tác phẩm truyện tranh Việt Nam có lượng fan đông đảo và hùng hậu bậc nhất hiện nay.\r\n\r\nBad Luck ban đầu được dự tính sẽ phát hành online 100%. Tuy nhiên, chúng tôi đã có những chỉnh sửa, nâng cấp nhất định dành cho Bad Luck, và nhận được sự ủng hộ nhiệt tình từ phía các anh chị bên phía nhà xuất bản để có thể ra lò cuốn sách.\r\n\r\nBad Luck tập 4 bao gồm 12 chương của Bad Luck (Từ chương 37 – chương 48), được chỉnh sửa, nâng cấp. Cuốn sách dày 248 trang, được in trên khổ 14.5 x 20.5, bìa gập có tay gấp, giấy chất lượng tốt.','2024-04-01','2024-04-10',1,12,83460.00),(12,3,'Bad Luck Tập 5','https://imagedelivery.net/qUfEtSOHlgMQ8zObLoE0pg/80f4eb54-1321-4f3a-c152-1b11c8017f00/w=705','<h3><strong style=\"color: rgb(23, 24, 26);\">Giới thiệu về Bad Luck tập 5</strong></h3><p><span style=\"color: rgb(35, 35, 35);\">Là bộ truyện tranh được đọc nhiều nhất trên Comicola, một trong những tác phẩm truyện tranh Việt Nam có lượng fan đông đảo và hùng hậu bậc nhất hiện nay.</span></p><p><span style=\"color: rgb(35, 35, 35);\">Bad Luck ban đầu được dự tính sẽ phát hành online 100%. Tuy nhiên, chúng tôi đã có những chỉnh sửa, nâng cấp nhất định dành cho Bad Luck, và nhận được sự ủng hộ nhiệt tình từ phía các anh chị bên phía nhà xuất bản để có thể ra lò cuốn sách.</span></p><p><span style=\"color: rgb(35, 35, 35);\">Bad Luck tập 5 bao gồm&nbsp;</span><strong style=\"color: rgb(35, 35, 35);\">12</strong><span style=\"color: rgb(35, 35, 35);\">&nbsp;chương của Bad Luck (Từ chương 49 – chương 60), được chỉnh sửa, nâng cấp. Cuốn sách dày 248 trang, được in trên khổ 14.5 x 20.5, bìa gập có tay gấp, giấy chất lượng tốt.</span></p><p><span style=\"color: rgb(35, 35, 35);\">&nbsp;</span></p><p class=\"ql-align-center\"><span style=\"color: rgb(51, 51, 51); background-color: rgb(255, 255, 255);\"><img src=\"https://i0.wp.com/shop.comicola.com/wp-content/uploads/2002/04/Badluck_promo_db.jpg?resize=660%2C660&amp;ssl=1\" height=\"660\" width=\"660\">Bìa áo phiên bản đặc biệt</span></p><p><span style=\"color: rgb(35, 35, 35);\">&nbsp;</span></p><h3><strong style=\"color: rgb(23, 24, 26);\">Thông tin từ báo chí</strong></h3><ol><li data-list=\"bullet\"><span class=\"ql-ui\" contenteditable=\"false\"></span><a href=\"http://xn--bad%20luck%20-%20s%20nh-085m6c:%20truy%E1%BB%87n%20tranh%20Vi%E1%BB%87t%20%C4%91%C6%B0%E1%BB%A3c%20chuy%E1%BB%83n%20th%E1%BB%83%20th%C3%A0nh%20phim/\" rel=\"noopener noreferrer\" target=\"_blank\" style=\"background-color: initial; color: rgb(50, 50, 50);\">Bad Luck – Số nhọ: truyện tranh Việt được chuyển thể thành phim – Tuổi Trẻ</a></li><li data-list=\"bullet\"><span class=\"ql-ui\" contenteditable=\"false\"></span><a href=\"http://kenh14.vn/truyen-tranh-viet-bad-luck-gay-sot-mot-thoi-se-co-phien-ban-live-action-trong-nam-nay-20180306210913934.chn\" rel=\"noopener noreferrer\" target=\"_blank\" style=\"background-color: initial; color: rgb(50, 50, 50);\">Truyện tranh Việt “Bad Luck” gây sốt một thời sẽ có phiên bản live-action trong năm nay! – Kênh 14</a></li><li data-list=\"bullet\"><span class=\"ql-ui\" contenteditable=\"false\"></span><a href=\"https://news.zing.vn/truyen-tranh-ve-thanh-nho-cua-tac-gia-viet-duoc-dung-phim-post827729.html\" rel=\"noopener noreferrer\" target=\"_blank\" style=\"background-color: initial; color: rgb(50, 50, 50);\">Truyện tranh về ‘thánh nhọ’ của tác giả Việt được dựng phim – Zing.vn</a></li><li data-list=\"bullet\"><span class=\"ql-ui\" contenteditable=\"false\"></span><a href=\"http://gamek.vn/manga-film/bad-luck-bo-truyen-tranh-hai-viet-gay-sot-hien-nay-20150724155418277.chn\" rel=\"noopener noreferrer\" target=\"_blank\" style=\"background-color: initial; color: rgb(50, 50, 50);\">Bad Luck – Bộ truyện tranh hài Việt gây sốt hiện nay -Gamek</a></li><li data-list=\"bullet\"><span class=\"ql-ui\" contenteditable=\"false\"></span><a href=\"http://thethaovanhoa.vn/bong-da/tac-gia-cung-bo-cap-cua-truyen-tranh-mang-bad-luck-bat-ngo-vi-doc-gia-ham-mo-n20150823084106141.htm\" rel=\"noopener noreferrer\" target=\"_blank\" style=\"background-color: initial; color: rgb(50, 50, 50);\">Tác giả cung bọ cạp của truyện tranh mạng ‘Bad Luck’ bất ngờ vì độc giả hâm mộ – Thể Thao Văn Hóa</a></li><li data-list=\"bullet\"><span class=\"ql-ui\" contenteditable=\"false\"></span><a href=\"http://ione.vnexpress.net/tin-tuc/nhip-song/bad-luck-series-truyen-tranh-khong-long-lanh-van-hut-like-am-am-3252642.html\" rel=\"noopener noreferrer\" target=\"_blank\" style=\"background-color: initial; color: rgb(50, 50, 50);\">Bad luck – Series truyện tranh không long lanh vẫn hút like ầm ầm – vnExpress</a></li></ol><p><span style=\"color: rgb(35, 35, 35);\">&nbsp;</span></p><p><span style=\"color: rgb(35, 35, 35);\"><img src=\"https://i0.wp.com/shop.comicola.com/wp-content/uploads/2002/04/Badluck_promo_1080-2.jpg?fit=1080%2C1080&amp;ssl=1\" height=\"1080\" width=\"1080\"></span></p><p><span style=\"color: rgb(35, 35, 35);\"><img src=\"https://i0.wp.com/shop.comicola.com/wp-content/uploads/2002/04/Badluck_promo_1080.jpg?fit=1080%2C1080&amp;ssl=1\" height=\"1080\" width=\"1080\"></span></p><p><span style=\"color: rgb(35, 35, 35);\">&nbsp;</span></p><h3><strong style=\"color: rgb(23, 24, 26);\">Thông tin sản phẩm</strong></h3><h5><strong style=\"color: rgb(23, 24, 26);\">Bản Đặc Biệt</strong></h5><ol><li data-list=\"bullet\"><span class=\"ql-ui\" contenteditable=\"false\"></span><span style=\"color: rgb(35, 35, 35);\">Cuốn sách dày 248 trang.</span></li><li data-list=\"bullet\"><span class=\"ql-ui\" contenteditable=\"false\"></span><span style=\"color: rgb(35, 35, 35);\">Bìa áo được tác giả Can Tiểu Hy – tác giả bộ truyện “Địa Ngục Môn” – tác phẩm&nbsp;giành giải Bạc cuộc thi truyện tranh quốc tế lần thứ 10 tại Nhật Bản (International Manga Award) chính tay chắp bút.</span></li><li data-list=\"bullet\"><span class=\"ql-ui\" contenteditable=\"false\"></span><span style=\"color: rgb(35, 35, 35);\">Kích thước: 14.5 x 20.5 cm.</span></li><li data-list=\"bullet\"><span class=\"ql-ui\" contenteditable=\"false\"></span><span style=\"color: rgb(35, 35, 35);\">Gồm 12 chương của Bad Luck, được chỉnh sửa và nâng cấp.</span></li><li data-list=\"bullet\"><span class=\"ql-ui\" contenteditable=\"false\"></span><span style=\"color: rgb(35, 35, 35);\">01 postcard tặng kèm hình Minh và Hoàng.</span></li><li data-list=\"bullet\"><span class=\"ql-ui\" contenteditable=\"false\"></span><span style=\"color: rgb(35, 35, 35);\">Standee Vũ và Điềm</span></li><li data-list=\"bullet\" class=\"ql-indent-1\"><span class=\"ql-ui\" contenteditable=\"false\"></span><span style=\"color: rgb(35, 35, 35);\">Standee được làm bằng chất liệu acrylic, không bị oxy hóa và lên màu đẹp.</span></li><li data-list=\"bullet\" class=\"ql-indent-1\"><span class=\"ql-ui\" contenteditable=\"false\"></span><span style=\"color: rgb(35, 35, 35);\">Trong quá trình vận chuyển, standee được bọc bên ngoài bởi một lớp màng chống xước, đảm bảo chất lượng sản phẩm khi tới tay khách hàng.</span></li></ol><h5><strong style=\"color: rgb(23, 24, 26);\">Bản Phổ Thông</strong></h5><ol><li data-list=\"bullet\"><span class=\"ql-ui\" contenteditable=\"false\"></span><span style=\"color: rgb(35, 35, 35);\">Gồm 12 chương của Bad Luck, được chỉnh sửa và nâng cấp.</span></li><li data-list=\"bullet\"><span class=\"ql-ui\" contenteditable=\"false\"></span><span style=\"color: rgb(35, 35, 35);\">Cuốn sách dày 248 trang.</span></li><li data-list=\"bullet\"><span class=\"ql-ui\" contenteditable=\"false\"></span><span style=\"color: rgb(35, 35, 35);\">Kích thước: 14.5 x 20.5 cm.</span></li><li data-list=\"bullet\"><span class=\"ql-ui\" contenteditable=\"false\"></span><span style=\"color: rgb(35, 35, 35);\">01 postcard tặng kèm hình Minh và Hoàng (chỉ dành cho các bạn đặt hàng trước khi sách phát hành)</span></li></ol><p><br></p>','<p><span style=\"background-color: rgb(255, 255, 255); color: rgb(35, 35, 35);\">Là bộ truyện tranh được đọc nhiều nhất trên Comicola, một trong những tác phẩm truyện tranh Việt Nam có lượng fan đông đảo và hùng hậu bậc nhất hiện nay.</span></p><h3><strong style=\"background-color: rgb(255, 255, 255); color: rgb(23, 24, 26);\">Thông tin sản phẩm</strong></h3><ol><li data-list=\"bullet\"><span class=\"ql-ui\" contenteditable=\"false\"></span><span style=\"background-color: rgb(255, 255, 255); color: rgb(35, 35, 35);\">Gồm 12 chương của Bad Luck, được chỉnh sửa và nâng cấp.</span></li><li data-list=\"bullet\"><span class=\"ql-ui\" contenteditable=\"false\"></span><span style=\"background-color: rgb(255, 255, 255); color: rgb(35, 35, 35);\">Cuốn sách dày 248 trang.</span></li><li data-list=\"bullet\"><span class=\"ql-ui\" contenteditable=\"false\"></span><span style=\"background-color: rgb(255, 255, 255); color: rgb(35, 35, 35);\">Kích thước: 14.5 x 20.5 cm.</span></li></ol><p><br></p>','2024-04-01','2024-04-10',1,12,83460.00),(13,3,'Bad Luck Tập 6','https://imagedelivery.net/qUfEtSOHlgMQ8zObLoE0pg/85a47ea9-ec69-4447-38b1-32941e7c3a00/w=705','<h3><strong style=\"color: rgb(23, 24, 26);\">Giới thiệu về Bad Luck tập 6</strong></h3><p><span style=\"color: rgb(35, 35, 35);\">Để tiêu diệt An, bà Linh đã dùng đến vũ khí bí mật cuối cùng để kết thúc cuộc chiến. Thế nhưng bà ta lại vô tình mang đến một thứ còn kinh khủng hơn. Liệu An có giữ được tính mạng trước trận công kích của bà Linh hay thế cờ sẽ thay đổi trước những tình tiết mới?</span></p><p><span style=\"color: rgb(35, 35, 35);\">&nbsp;</span></p><p class=\"ql-align-center\"><span style=\"color: rgb(51, 51, 51); background-color: rgb(255, 255, 255);\"><img src=\"https://i0.wp.com/shop.comicola.com/wp-content/uploads/2023/03/Badluck_promo_db_06-1.jpg?resize=1000%2C1000&amp;ssl=1\" height=\"1000\" width=\"1000\">Bìa đặc biệt do họa sĩ Trần Kiên vẽ</span></p><p><span style=\"color: rgb(35, 35, 35);\">&nbsp;</span></p><h3><strong style=\"color: rgb(23, 24, 26);\">Giới thiệu về Bad Luck</strong></h3><p><span style=\"color: rgb(35, 35, 35);\">Là bộ truyện tranh được đọc nhiều nhất trên Comicola, một trong những tác phẩm truyện tranh Việt Nam có lượng fan đông đảo và hùng hậu bậc nhất hiện nay.</span></p><p><span style=\"color: rgb(35, 35, 35);\">Bad Luck ban đầu được dự tính sẽ phát hành online 100%. Tuy nhiên, chúng tôi đã có những chỉnh sửa, nâng cấp nhất định dành cho Bad Luck, và nhận được sự ủng hộ nhiệt tình từ phía các anh chị bên phía nhà xuất bản để có thể ra lò cuốn sách.</span></p><p><span style=\"color: rgb(35, 35, 35);\">Bad Luck tập 6 bao gồm&nbsp;</span><strong style=\"color: rgb(35, 35, 35);\">10</strong><span style=\"color: rgb(35, 35, 35);\">&nbsp;chương của Bad Luck (Từ chương 61 – chương 70), được chỉnh sửa, nâng cấp. Cuốn sách dày 240 trang, được in trên khổ 14.5 x 20.5, bìa gập có tay gấp, giấy chất lượng tốt.</span></p><p><span style=\"color: rgb(35, 35, 35);\">&nbsp;</span></p><p><a href=\"https://i0.wp.com/shop.comicola.com/wp-content/uploads/2023/03/Badluck_06_1-1.jpg?ssl=1\" rel=\"noopener noreferrer\" target=\"_blank\" style=\"background-color: initial; color: rgb(50, 50, 50);\"><img src=\"https://i0.wp.com/shop.comicola.com/wp-content/uploads/2023/03/Badluck_06_1-1.jpg?fit=1000%2C1000&amp;ssl=1\" height=\"1000\" width=\"1000\"></a></p><p><a href=\"https://i0.wp.com/shop.comicola.com/wp-content/uploads/2023/03/Badluck_06_11-1.jpg?ssl=1\" rel=\"noopener noreferrer\" target=\"_blank\" style=\"background-color: initial; color: rgb(50, 50, 50);\"><img src=\"https://i0.wp.com/shop.comicola.com/wp-content/uploads/2023/03/Badluck_06_11-1.jpg?fit=1000%2C1000&amp;ssl=1\" height=\"1000\" width=\"1000\"></a></p><p><span style=\"color: rgb(35, 35, 35);\">&nbsp;</span></p><h3><strong style=\"color: rgb(23, 24, 26);\">Thông tin từ báo chí</strong></h3><ol><li data-list=\"bullet\"><span class=\"ql-ui\" contenteditable=\"false\"></span><a href=\"http://xn--bad%20luck%20-%20s%20nh-085m6c:%20truy%E1%BB%87n%20tranh%20Vi%E1%BB%87t%20%C4%91%C6%B0%E1%BB%A3c%20chuy%E1%BB%83n%20th%E1%BB%83%20th%C3%A0nh%20phim/\" rel=\"noopener noreferrer\" target=\"_blank\" style=\"background-color: initial; color: rgb(50, 50, 50);\">Bad Luck – Số nhọ: truyện tranh Việt được chuyển thể thành phim – Tuổi Trẻ</a></li><li data-list=\"bullet\"><span class=\"ql-ui\" contenteditable=\"false\"></span><a href=\"http://kenh14.vn/truyen-tranh-viet-bad-luck-gay-sot-mot-thoi-se-co-phien-ban-live-action-trong-nam-nay-20180306210913934.chn\" rel=\"noopener noreferrer\" target=\"_blank\" style=\"background-color: initial; color: rgb(50, 50, 50);\">Truyện tranh Việt “Bad Luck” gây sốt một thời sẽ có phiên bản live-action trong năm nay! – Kênh 14</a></li><li data-list=\"bullet\"><span class=\"ql-ui\" contenteditable=\"false\"></span><a href=\"https://news.zing.vn/truyen-tranh-ve-thanh-nho-cua-tac-gia-viet-duoc-dung-phim-post827729.html\" rel=\"noopener noreferrer\" target=\"_blank\" style=\"background-color: initial; color: rgb(50, 50, 50);\">Truyện tranh về ‘thánh nhọ’ của tác giả Việt được dựng phim – Zing.vn</a></li><li data-list=\"bullet\"><span class=\"ql-ui\" contenteditable=\"false\"></span><a href=\"http://gamek.vn/manga-film/bad-luck-bo-truyen-tranh-hai-viet-gay-sot-hien-nay-20150724155418277.chn\" rel=\"noopener noreferrer\" target=\"_blank\" style=\"background-color: initial; color: rgb(50, 50, 50);\">Bad Luck – Bộ truyện tranh hài Việt gây sốt hiện nay -Gamek</a></li><li data-list=\"bullet\"><span class=\"ql-ui\" contenteditable=\"false\"></span><a href=\"http://thethaovanhoa.vn/bong-da/tac-gia-cung-bo-cap-cua-truyen-tranh-mang-bad-luck-bat-ngo-vi-doc-gia-ham-mo-n20150823084106141.htm\" rel=\"noopener noreferrer\" target=\"_blank\" style=\"background-color: initial; color: rgb(50, 50, 50);\">Tác giả cung bọ cạp của truyện tranh mạng ‘Bad Luck’ bất ngờ vì độc giả hâm mộ – Thể Thao Văn Hóa</a></li><li data-list=\"bullet\"><span class=\"ql-ui\" contenteditable=\"false\"></span><a href=\"http://ione.vnexpress.net/tin-tuc/nhip-song/bad-luck-series-truyen-tranh-khong-long-lanh-van-hut-like-am-am-3252642.html\" rel=\"noopener noreferrer\" target=\"_blank\" style=\"background-color: initial; color: rgb(50, 50, 50);\">Bad luck – Series truyện tranh không long lanh vẫn hút like ầm ầm – vnExpress</a></li></ol><p><span style=\"color: rgb(35, 35, 35);\">&nbsp;</span></p><h3><strong style=\"color: rgb(23, 24, 26);\">Thông tin sản phẩm</strong></h3><h5><strong style=\"color: rgb(23, 24, 26);\">Bản Đặc Biệt</strong></h5><ol><li data-list=\"bullet\"><span class=\"ql-ui\" contenteditable=\"false\"></span><span style=\"color: rgb(35, 35, 35);\">Giới hạn 200 cuốn không in thêm khi hết.</span></li><li data-list=\"bullet\"><span class=\"ql-ui\" contenteditable=\"false\"></span><span style=\"color: rgb(35, 35, 35);\">Cuốn sách dày 240 trang.</span></li><li data-list=\"bullet\"><span class=\"ql-ui\" contenteditable=\"false\"></span><span style=\"color: rgb(35, 35, 35);\">Bìa áo do họa sĩ Trần Kiên vẽ.</span></li><li data-list=\"bullet\"><span class=\"ql-ui\" contenteditable=\"false\"></span><span style=\"color: rgb(35, 35, 35);\">Kích thước: 14.5 x 20.5 cm.</span></li><li data-list=\"bullet\"><span class=\"ql-ui\" contenteditable=\"false\"></span><span style=\"color: rgb(35, 35, 35);\">Gồm 10 chương của Bad Luck, được chỉnh sửa và nâng cấp.</span></li><li data-list=\"bullet\"><span class=\"ql-ui\" contenteditable=\"false\"></span><span style=\"color: rgb(35, 35, 35);\">01 postcard tặng kèm chỉ có ở bản đặc biệt.</span></li><li data-list=\"bullet\"><span class=\"ql-ui\" contenteditable=\"false\"></span><span style=\"color: rgb(35, 35, 35);\">Standee chibi của 2 nhân vật Minh và Hoàng.</span></li><li data-list=\"bullet\" class=\"ql-indent-1\"><span class=\"ql-ui\" contenteditable=\"false\"></span><span style=\"color: rgb(35, 35, 35);\">Standee được làm bằng chất liệu acrylic, không bị oxy hóa và lên màu đẹp.</span></li><li data-list=\"bullet\" class=\"ql-indent-1\"><span class=\"ql-ui\" contenteditable=\"false\"></span><span style=\"color: rgb(35, 35, 35);\">Trong quá trình vận chuyển, standee được bọc bên ngoài bởi một lớp màng chống xước, đảm bảo chất lượng sản phẩm khi tới tay khách hàng.</span></li></ol><h5><strong style=\"color: rgb(23, 24, 26);\">Bản Phổ Thông</strong></h5><ol><li data-list=\"bullet\"><span class=\"ql-ui\" contenteditable=\"false\"></span><span style=\"color: rgb(35, 35, 35);\">Gồm 10 chương của Bad Luck, được chỉnh sửa và nâng cấp.</span></li><li data-list=\"bullet\"><span class=\"ql-ui\" contenteditable=\"false\"></span><span style=\"color: rgb(35, 35, 35);\">Cuốn sách dày 240 trang.</span></li><li data-list=\"bullet\"><span class=\"ql-ui\" contenteditable=\"false\"></span><span style=\"color: rgb(35, 35, 35);\">Kích thước: 14.5 x 20.5 cm.</span></li></ol><p><br></p>','Để tiêu diệt An, bà Linh đã dùng đến vũ khí bí mật cuối cùng để kết thúc cuộc chiến. Thế nhưng bà ta lại vô tình mang đến một thứ còn kinh khủng hơn. Liệu An có giữ được tính mạng trước trận công kích của bà Linh hay thế cờ sẽ thay đổi trước những tình tiết mới?\r\n\r\nLà bộ truyện tranh được đọc nhiều nhất trên Comicola, một trong những tác phẩm truyện tranh Việt Nam có lượng fan đông đảo và hùng hậu bậc nhất hiện nay.\r\n\r\nBad Luck ban đầu được dự tính sẽ phát hành online 100%. Tuy nhiên, chúng tôi đã có những chỉnh sửa, nâng cấp nhất định dành cho Bad Luck, và nhận được sự ủng hộ nhiệt tình từ phía các anh chị bên phía nhà xuất bản để có thể ra lò cuốn sách.\r\n\r\nBad Luck tập 6 bao gồm 10 chương của Bad Luck (Từ chương 61 – chương 70), được chỉnh sửa, nâng cấp. Cuốn sách dày 240 trang, được in trên khổ 14.5 x 20.5, bìa gập có tay gấp, giấy chất lượng tốt.','2024-04-01','2024-04-10',1,10,83460.00),(14,3,'Bad Luck Tập 7','https://shop.comicola.com/wp-content/uploads/2024/03/BL07_NEN-XAM_7.png','<h3><strong style=\"color: rgb(23, 24, 26);\">Giới thiệu về Bad Luck tập 7</strong></h3><p><span style=\"color: rgb(35, 35, 35);\">Sau trận chiến trên tàu, quá khứ của gia tộc nguyền rủa dần hé lộ. Hóa ra đằng sau tất cả những sự tồn tại vô lý trong thế giới này đều có một lý do. Cái kết của câu chuyện đang đến gần mà không ai có thể ngờ được.</span></p><p><span style=\"color: rgb(35, 35, 35);\">&nbsp;</span></p><p><span style=\"color: rgb(35, 35, 35);\"><img src=\"https://i0.wp.com/shop.comicola.com/wp-content/uploads/2024/03/Badluck_promo_db_07.jpg?resize=1000%2C1000&amp;ssl=1\" height=\"1000\" width=\"1000\"></span></p><p><span style=\"color: rgb(35, 35, 35);\">&nbsp;</span></p><h3><strong style=\"color: rgb(23, 24, 26);\">Giới thiệu về Bad Luck</strong></h3><p><span style=\"color: rgb(35, 35, 35);\">Là bộ truyện tranh được đọc nhiều nhất trên Comicola, một trong những tác phẩm truyện tranh Việt Nam có lượng fan đông đảo và hùng hậu bậc nhất hiện nay.</span></p><p><span style=\"color: rgb(35, 35, 35);\">Bad Luck ban đầu được dự tính sẽ phát hành online 100%. Tuy nhiên, chúng tôi đã có những chỉnh sửa, nâng cấp nhất định dành cho Bad Luck, và nhận được sự ủng hộ nhiệt tình từ phía các anh chị bên phía nhà xuất bản để có thể ra lò cuốn sách.</span></p><p><span style=\"color: rgb(35, 35, 35);\">Bad Luck tập 7 bao gồm&nbsp;</span><strong style=\"color: rgb(35, 35, 35);\">12</strong><span style=\"color: rgb(35, 35, 35);\">&nbsp;chương của Bad Luck (Từ chương 71 – chương 81), được chỉnh sửa, nâng cấp. Cuốn sách được in trên khổ 14.5 x 20.5, bìa gập có tay gấp, giấy chất lượng tốt.</span></p><p><span style=\"color: rgb(35, 35, 35);\">&nbsp;</span></p><p><a href=\"https://i0.wp.com/shop.comicola.com/wp-content/uploads/2024/03/BL07-DB_VUONG_1.jpg?ssl=1\" rel=\"noopener noreferrer\" target=\"_blank\" style=\"background-color: initial; color: rgb(50, 50, 50);\"><img src=\"https://i0.wp.com/shop.comicola.com/wp-content/uploads/2024/03/BL07-DB_VUONG_1.jpg?fit=1000%2C1000&amp;ssl=1\" height=\"1000\" width=\"1000\"></a></p><p><a href=\"https://i0.wp.com/shop.comicola.com/wp-content/uploads/2024/03/BL07-DB_VUONG_4.jpg?ssl=1\" rel=\"noopener noreferrer\" target=\"_blank\" style=\"background-color: initial; color: rgb(50, 50, 50);\"><img src=\"https://i0.wp.com/shop.comicola.com/wp-content/uploads/2024/03/BL07-DB_VUONG_4.jpg?fit=1000%2C1000&amp;ssl=1\" height=\"1000\" width=\"1000\"></a></p><p><a href=\"https://i0.wp.com/shop.comicola.com/wp-content/uploads/2024/03/BL07-DB_VUONG_6.jpg?ssl=1\" rel=\"noopener noreferrer\" target=\"_blank\" style=\"background-color: initial; color: rgb(50, 50, 50);\"><img src=\"https://i0.wp.com/shop.comicola.com/wp-content/uploads/2024/03/BL07-DB_VUONG_6.jpg?fit=1000%2C1000&amp;ssl=1\" height=\"1000\" width=\"1000\"></a></p><p><a href=\"https://i0.wp.com/shop.comicola.com/wp-content/uploads/2024/03/BL07-DB_VUONG_5.jpg?ssl=1\" rel=\"noopener noreferrer\" target=\"_blank\" style=\"background-color: initial; color: rgb(50, 50, 50);\"><img src=\"https://i0.wp.com/shop.comicola.com/wp-content/uploads/2024/03/BL07-DB_VUONG_5.jpg?fit=1000%2C1000&amp;ssl=1\" height=\"1000\" width=\"1000\"></a></p><p><span style=\"color: rgb(35, 35, 35);\">&nbsp;</span></p><h3><strong style=\"color: rgb(23, 24, 26);\">Thông tin từ báo chí</strong></h3><ol><li data-list=\"bullet\"><span class=\"ql-ui\" contenteditable=\"false\"></span><a href=\"http://xn--bad%20luck%20-%20s%20nh-085m6c:%20truy%E1%BB%87n%20tranh%20Vi%E1%BB%87t%20%C4%91%C6%B0%E1%BB%A3c%20chuy%E1%BB%83n%20th%E1%BB%83%20th%C3%A0nh%20phim/\" rel=\"noopener noreferrer\" target=\"_blank\" style=\"background-color: initial; color: rgb(50, 50, 50);\">Bad Luck – Số nhọ: truyện tranh Việt được chuyển thể thành phim – Tuổi Trẻ</a></li><li data-list=\"bullet\"><span class=\"ql-ui\" contenteditable=\"false\"></span><a href=\"http://kenh14.vn/truyen-tranh-viet-bad-luck-gay-sot-mot-thoi-se-co-phien-ban-live-action-trong-nam-nay-20180306210913934.chn\" rel=\"noopener noreferrer\" target=\"_blank\" style=\"background-color: initial; color: rgb(50, 50, 50);\">Truyện tranh Việt “Bad Luck” gây sốt một thời sẽ có phiên bản live-action trong năm nay! – Kênh 14</a></li><li data-list=\"bullet\"><span class=\"ql-ui\" contenteditable=\"false\"></span><a href=\"https://news.zing.vn/truyen-tranh-ve-thanh-nho-cua-tac-gia-viet-duoc-dung-phim-post827729.html\" rel=\"noopener noreferrer\" target=\"_blank\" style=\"background-color: initial; color: rgb(50, 50, 50);\">Truyện tranh về ‘thánh nhọ’ của tác giả Việt được dựng phim – Zing.vn</a></li><li data-list=\"bullet\"><span class=\"ql-ui\" contenteditable=\"false\"></span><a href=\"http://gamek.vn/manga-film/bad-luck-bo-truyen-tranh-hai-viet-gay-sot-hien-nay-20150724155418277.chn\" rel=\"noopener noreferrer\" target=\"_blank\" style=\"background-color: initial; color: rgb(50, 50, 50);\">Bad Luck – Bộ truyện tranh hài Việt gây sốt hiện nay -Gamek</a></li><li data-list=\"bullet\"><span class=\"ql-ui\" contenteditable=\"false\"></span><a href=\"http://thethaovanhoa.vn/bong-da/tac-gia-cung-bo-cap-cua-truyen-tranh-mang-bad-luck-bat-ngo-vi-doc-gia-ham-mo-n20150823084106141.htm\" rel=\"noopener noreferrer\" target=\"_blank\" style=\"background-color: initial; color: rgb(50, 50, 50);\">Tác giả cung bọ cạp của truyện tranh mạng ‘Bad Luck’ bất ngờ vì độc giả hâm mộ – Thể Thao Văn Hóa</a></li><li data-list=\"bullet\"><span class=\"ql-ui\" contenteditable=\"false\"></span><a href=\"http://ione.vnexpress.net/tin-tuc/nhip-song/bad-luck-series-truyen-tranh-khong-long-lanh-van-hut-like-am-am-3252642.html\" rel=\"noopener noreferrer\" target=\"_blank\" style=\"background-color: initial; color: rgb(50, 50, 50);\">Bad luck – Series truyện tranh không long lanh vẫn hút like ầm ầm – vnExpress</a></li></ol><p><span style=\"color: rgb(35, 35, 35);\">&nbsp;</span></p><h3><strong style=\"color: rgb(23, 24, 26);\">Thông tin sản phẩm</strong></h3><h5><strong style=\"color: rgb(23, 24, 26);\">Bản Đặc Biệt</strong></h5><p><span style=\"color: rgb(255, 0, 0);\">Giới hạn 200 cuốn không in thêm khi hết.</span></p><ol><li data-list=\"bullet\"><span class=\"ql-ui\" contenteditable=\"false\"></span><span style=\"color: rgb(35, 35, 35);\">01 cuốn truyện “Bad Luck” tập 7 gồm 12 chương của Bad Luck, được chỉnh sửa và nâng cấp, có kích thước 14.5 x 20.5 cm.</span></li><li data-list=\"bullet\"><span class=\"ql-ui\" contenteditable=\"false\"></span><span style=\"color: rgb(35, 35, 35);\">01 bìa áo do họa sĩ Phan Kim Thanh vẽ.</span></li><li data-list=\"bullet\"><span class=\"ql-ui\" contenteditable=\"false\"></span><span style=\"color: rgb(35, 35, 35);\">06 card bo góc nhân vật.</span></li><li data-list=\"bullet\"><span class=\"ql-ui\" contenteditable=\"false\"></span><span style=\"color: rgb(35, 35, 35);\">01 postcard.</span></li><li data-list=\"bullet\"><span class=\"ql-ui\" contenteditable=\"false\"></span><span style=\"color: rgb(35, 35, 35);\">01 khung ảnh đựng card bo góc acrylic có 2 mặt (một mặt gỗ và một mặt trắng) với thiết kế của họa sĩ Châu Chặt Chém.</span></li></ol><p><span style=\"color: rgb(35, 35, 35);\">&nbsp;</span></p><p><span style=\"color: rgb(35, 35, 35);\"><img src=\"https://i0.wp.com/shop.comicola.com/wp-content/uploads/2024/03/BL07-DB_VUONG_7.jpg?resize=750%2C750&amp;ssl=1\" height=\"750\" width=\"750\"></span></p><p><span style=\"color: rgb(35, 35, 35);\">&nbsp;</span></p><h5><strong style=\"color: rgb(23, 24, 26);\">Bản Phổ Thông</strong></h5><ol><li data-list=\"bullet\"><span class=\"ql-ui\" contenteditable=\"false\"></span><span style=\"color: rgb(35, 35, 35);\">01 cuốn truyện “Bad Luck” tập 7 gồm 12 chương của Bad Luck, được chỉnh sửa và nâng cấp, có kích thước 14.5 x 20.5 cm.</span></li><li data-list=\"bullet\"><span class=\"ql-ui\" contenteditable=\"false\"></span><span style=\"color: rgb(35, 35, 35);\">01 postcard.</span></li></ol><p><span style=\"color: rgb(35, 35, 35);\">&nbsp;</span></p><p><span style=\"color: rgb(35, 35, 35);\"><img src=\"https://i0.wp.com/shop.comicola.com/wp-content/uploads/2024/03/BL07-PT_VUONG_1.jpg?resize=750%2C750&amp;ssl=1\" height=\"750\" width=\"750\"></span></p><p><br></p>','Sau trận chiến trên tàu, quá khứ của gia tộc nguyền rủa dần hé lộ. Hóa ra đằng sau tất cả những sự tồn tại vô lý trong thế giới này đều có một lý do. Cái kết của câu chuyện đang đến gần mà không ai có thể ngờ được.\r\n\r\nLà bộ truyện tranh được đọc nhiều nhất trên Comicola, một trong những tác phẩm truyện tranh Việt Nam có lượng fan đông đảo và hùng hậu bậc nhất hiện nay.\r\n\r\nBad Luck ban đầu được dự tính sẽ phát hành online 100%. Tuy nhiên, chúng tôi đã có những chỉnh sửa, nâng cấp nhất định dành cho Bad Luck, và nhận được sự ủng hộ nhiệt tình từ phía các anh chị bên phía nhà xuất bản để có thể ra lò cuốn sách.\r\n\r\nBad Luck tập 7 bao gồm 12 chương của Bad Luck (Từ chương 71 – chương 81), được chỉnh sửa, nâng cấp. Cuốn sách được in trên khổ 14.5 x 20.5, bìa gập có tay gấp, giấy chất lượng tốt.','2024-04-01','2024-04-10',1,15,83460.00),(15,2,'Địa Ngục Môn','https://imagedelivery.net/qUfEtSOHlgMQ8zObLoE0pg/092d76d1-134d-4629-9316-389068a43200/w=705','Bộ Địa Ngục Môn của Can Tiểu Hy (tên thật là Phan Cao Hà My), do NXB Mỹ thuật ấn hành, vừa đoạt giải Bạc cuộc thi truyện tranh quốc tế International Manga Award lần thứ 10 tại Nhật Bản… Đây là một trong những giải thưởng truyện tranh quốc tế uy tín, ra đời từ năm 2007 và được Bộ Ngoại giao Nhật Bản trao hằng năm từ việc lựa chọn hàng trăm tác phẩm truyện tranh khắp nơi trên thế giới gửi về.','Địa Ngục Môn là một tác phẩm truyện tranh của tác giả Can Tiểu Hy. Ngay khi ra mắt cộng đồng, tác phẩm đã nhận được sự đón nhận nồng nhiệt của những người yêu thích truyện tranh Việt Nam\r\n\r\nTháng 12/2016, vượt qua gần 300 tác phẩm truyện tranh khác trên toàn thế giới, tác phẩm “Địa Ngục Môn” đã vinh dự nhận giải Bạc, cuộc thi truyện tranh International Manga Award do Bộ ngoại giao Nhật Bản tổ chức.','2024-04-01','2024-04-10',1,13,105930.00),(16,NULL,'Quan Trọng Là Phải Đẹp Trai – phiên bản 2018','https://imagedelivery.net/qUfEtSOHlgMQ8zObLoE0pg/a329e809-ea00-42b3-f40f-8cbca961b400/w=705','Sách “Quan trọng là phải đẹp trai” phiên bản 2018 được bán trên Comicola bao gồm:\r\n\r\nMột cuốn truyện tranh “Quan Trọng Là Phải Đẹp Trai” có áo bìa màu vàng\r\nMột thẻ hội viên đẹp trai','Quan Trọng Là Phải Đẹp Trai cho thấy một góc nhìn vô cùng hài hước của Thăng Fly. Và theo tôi, đó là sự độc đáo mang tính tích cực. Khi gặp khó khăn trong cuộc sống, khi trục trặc trong chuyện tình cảm, khi công việc không suôn sẻ , nếu là một người chúng ta sẽ tìm lý do gì đó, một ai đó để đổ lỗi, để giải tỏa. Nhưng đối với Thăng, cách giải thích của anh chỉ: “Đơn giản… vì bạn không đẹp trai!”. Một lý do khiến người đọc không biết làm gì khác ngoài bật cười.\r\n\r\nCuốn sách này tập hợp những câu chuyện tưởng chừng như vô thưởng vô phạt, những kỷ niệm tếu táo thời sinh viên, những trò đùa nhắng nhít, những mối tình e ngại không dám nói… mà bạn chắc chắn sẽ cảm thấy bản thân mình trong đó.”','2024-04-01','2024-04-10',1,12,90950.00),(17,10,'Bẩm thầy Tường, có thầy Vũ đến tìm! – Tập 1','https://imagedelivery.net/qUfEtSOHlgMQ8zObLoE0pg/ad9ef303-b9ec-47dd-4170-41f59211fa00/w=705','Tháng 12/2022, “Bẩm Thầy Tường, Có Thầy Vũ Đến Tìm!” của tác giả Hoàng Tường Vy, do Comicola phát hành vinh dự nhận giải Đồng của cuộc thi International Manga Award lần thứ 16. Đây là tác phẩm Việt Nam đầu tiên lọt vào danh sách nhận giải kể từ năm 2017.','Câu chuyện hàng ngày về một anh thầy đồ và một anh thầy lang.\r\n\r\nKhông ồn ào, huyên náo, như một áng văn xuôi nhẹ nhàng, với bối cảnh làng quê Việt Nam ngày xưa cũ, đây chỉ là những chuyện tình tang nho nhỏ, linh tinh vụn vặt của hai anh và mọi người xung quanh.\r\n\r\nChương đầu tiên của cuốn sách “Bẩm thầy Tường, có thầy Vũ đến tìm!” được tác giả đăng lần đầu tiên trên fanpage “Hôm nay Vuy vẽ” vào tháng 4/2020. Trước sự ngỡ ngàng của chính tác giả Hoàng Tường Vy, chỉ trong một thời gian ngắn, chương truyện đó đã thu hút sự chú ý và yêu mến của hàng ngàn độc giả.\r\n\r\nTháng 12/2022, “Bẩm Thầy Tường, Có Thầy Vũ Đến Tìm!” của tác giả Hoàng Tường Vy, do Comicola phát hành vinh dự nhận giải Đồng của cuộc thi International Manga Award lần thứ 16. Đây là tác phẩm Việt Nam đầu tiên lọt vào danh sách nhận giải kể từ năm 2017.\r\n\r\nInternational Manga Award là một trong những giải thưởng truyện tranh quốc tế uy tín, ra đời từ năm 2007 và được Bộ Ngoại giao Nhật Bản trao hằng năm từ việc lựa chọn hàng trăm tác phẩm truyện tranh khắp nơi trên thế giới gửi về.','2024-04-01','2024-04-10',1,12,112350.00),(18,10,'Bẩm thầy Tường, có thầy Vũ đến tìm! – Tập 2','https://imagedelivery.net/qUfEtSOHlgMQ8zObLoE0pg/33322b41-a0b3-4ce0-2995-1df19abd1100/w=705','Câu chuyện hàng ngày về một anh thầy đồ và một anh thầy lang. Không ồn ào, huyên náo, như một áng văn xuôi nhẹ nhàng, với bối cảnh làng quê Việt Nam ngày xưa cũ, đây chỉ là những chuyện tình tang nho nhỏ, linh tinh vụn vặt của hai anh và mọi người xung quanh.','Câu chuyện hàng ngày về một anh thầy đồ và một anh thầy lang.\r\n\r\nKhông ồn ào, huyên náo, như một áng văn xuôi nhẹ nhàng, với bối cảnh làng quê Việt Nam ngày xưa cũ, đây chỉ là những chuyện tình tang nho nhỏ, linh tinh vụn vặt của hai anh và mọi người xung quanh.\r\n\r\nChương đầu tiên của cuốn sách “Bẩm thầy Tường, có thầy Vũ đến tìm!” được tác giả đăng lần đầu tiên trên fanpage “Hôm nay Vuy vẽ” vào tháng 4/2020. Trước sự ngỡ ngàng của chính tác giả Hoàng Tường Vy, chỉ trong một thời gian ngắn, chương truyện đó đã thu hút sự chú ý và yêu mến của hàng ngàn độc giả.','2024-04-01','2024-04-10',1,13,631300.00),(19,10,'Bẩm thầy Tường, có thầy Vũ đến tìm! – Tập 3','https://imagedelivery.net/qUfEtSOHlgMQ8zObLoE0pg/9c5ea263-2643-4bdb-0ed5-566d34ab3100/w=705','Tháng 12/2022, “Bẩm Thầy Tường, Có Thầy Vũ Đến Tìm!” của tác giả Hoàng Tường Vy, do Comicola phát hành vinh dự nhận giải Đồng của cuộc thi International Manga Award lần thứ 16. Đây là tác phẩm Việt Nam đầu tiên lọt vào danh sách nhận giải kể từ năm 2017.','Câu chuyện hàng ngày về một anh thầy đồ và một anh thầy lang.\r\n\r\nKhông ồn ào, huyên náo, như một áng văn xuôi nhẹ nhàng, với bối cảnh làng quê Việt Nam ngày xưa cũ, đây chỉ là những chuyện tình tang nho nhỏ, linh tinh vụn vặt của hai anh và mọi người xung quanh.\r\n\r\nChương đầu tiên của cuốn sách “Bẩm thầy Tường, có thầy Vũ đến tìm!” được tác giả đăng lần đầu tiên trên fanpage “Hôm nay Vuy vẽ” vào tháng 4/2020. Trước sự ngỡ ngàng của chính tác giả Hoàng Tường Vy, chỉ trong một thời gian ngắn, chương truyện đó đã thu hút sự chú ý và yêu mến của hàng ngàn độc giả.','2024-04-01','2024-04-10',1,10,513600.00),(20,7,'Chương Cuối Của Mùa Hạ','https://imagedelivery.net/qUfEtSOHlgMQ8zObLoE0pg/6d9f21c3-6a6f-4084-c58c-527ae106c400/w=705','Đông không nói gì thêm, chỉ lặng lẽ hút thuốc. Con mèo trong quán lẩn mẩn mò ra, tò mò ngắm nhìn hai thằng đàn ông tư lự nhả những tâm sự màu bạc trắng vào thinh không.\r\n\r\n“Thì ra thanh xuân là thế hả?” – Đông cất lời, chẳng giống như một câu hỏi.\r\n\r\n“Có lẽ vậy.”\r\n\r\nTôi mân mê tấm ảnh, lật qua lật lại rồi nhìn lại một lần nữa vào gương mặt rạng rỡ của hai người của những ngày xưa cũ. Liệu thầy và cô, vào cái thời điểm ấy có mơ ước cho một thanh xuân đi trọn cùng nhau? Có một tưởng về một đoạn đời dài hạnh phúc thay vì cuộc chia ly chẳng rõ nguyên do năm ấy? Liệu hai người có thể mường tượng được ra, sau mấy chục năm thầy sẽ lặng lẽ biến mất, trong khi cô có lẽ còn ở đâu đó ngoài kia, mải miết với cuộc sống riêng mà chẳng hề biết rằng một phần tuổi trẻ của mình đã mãi mãi ra đi?\r\n\r\nThanh xuân, phải chăng chính là xinh đẹp và tàn khốc như vậy?”','Chương Cuối Của Mùa Hạ xoay quanh cuộc sống của Xuân – anh trợ giảng an phận, hài lòng với công việc trợ giảng tại trường cao đẳng mỹ thuật nọ. Cuộc sống tẻ nhạt của Xuân cộng hưởng cùng không khí an nhàn tại một đô thị ven biển, nơi chỉ bừng sáng vào mùa du lịch ngắn ngủi mỗi năm. Cuộc sống của Xuân trôi đi tuồn tuột cho tới một đêm định mệnh, ở quán bar cỏ quen thuộc, Xuân cùng lúc gặp được Hạ – mối tình định mệnh – và Đông – cậu bạn bảnh bao, kỳ lạ cứ vô tư can thiệp vào cuộc đời Xuân.\r\n\r\nChương Cuối Của Mùa Hạ không đi sâu vào những chuyện tình yêu tuổi trẻ, thay vào đó khắc họa cuộc sống của những chàng trai đang loay hoay định nghĩa cuộc đời mình giữa vô vàn biến số tình yêu, công việc và hoài bão sự nghiệp. Truyện được viết bởi tác giả Nam Thanh, Xuân Lan minh họa.\r\n\r\nĐặc biệt, Chương Cuối Của Mùa Hạ là tác phẩm đầu tiên của Comicola được phát hành song song đồng thời phiên bản sách giấy, và phiên bản sách điện tử đọc trên máy đọc sách (định dạnh .epub và .mobi). Bạn có thể đặt mua phiên bản sách điện tử trên nền tảng Comicola Ebook\r\n\r\nBên cạnh phiên bản phổ thông, có 500 bản sách có chữ ký của tác giả và họa sĩ dành cho 500 bạn đầu tiên mua sách trên Comicola Shop.','2024-04-01','2024-04-17',0,7,133750.00),(21,9,'Cánh Hoa Trôi Giữa Hoàng Triều – Tập 1','https://imagedelivery.net/qUfEtSOHlgMQ8zObLoE0pg/0f02e705-8a5b-42ee-5791-019608ffc900/w=705','Câu chuyện về vị nữ hoàng đế đầu tiên và cũng là duy nhất trong lịch sử Việt Nam.\r\n\r\nMột mối tình trẻ thơ khởi nguồn cho 1 cuộc chuyển giao quyền lực trước nay chưa từng có.\r\n\r\nSự khởi đầu và kết thúc của 2 triều đại phong kiến rực rỡ bậc nhất trong lịch sử…','Câu chuyện về vị nữ hoàng đế đầu tiên và cũng là duy nhất trong lịch sử Việt Nam.\r\n\r\nMột mối tình trẻ thơ khởi nguồn cho 1 cuộc chuyển giao quyền lực trước nay chưa từng có.\r\n\r\nSự khởi đầu và kết thúc của 2 triều đại phong kiến rực rỡ bậc nhất trong lịch sử…','2024-04-01','2024-04-10',1,14,73830.00),(22,7,'Tiểu thuyết Aftermath','https://imagedelivery.net/qUfEtSOHlgMQ8zObLoE0pg/6d7057f9-d429-40f9-2f1e-7fdf2b837800/w=705','Aftermath: Ác Quỷ Rừng Phế Tích được thực hiện với phần nội dung – kịch bản chắp bút bởi tác giả Nam Thanh và loạt tranh minh họa đặc biệt sống động tới từ họa sĩ Thành Phong. Với giọng văn cá tính cùng những ý tưởng xây dựng thế giới tương lai độc đáo, bộ đôi này đã đem tới một tác phẩm chất lượng, chỉn chu cả về phần “đọc” và “nhìn”, hứa hẹn hành trình dài hơi dự kiến kéo dài 7 tập của series Aftermath Saga.','Chuỗi tác phẩm Aftermath Saga lấy bối cảnh thế giới ở thế kỷ 23 và lấy mốc khởi đầu là sự kiện thảm họa nhà máy điện hạt nhân Chernobyl (1986) – trên thực tế là một dự án bí ẩn được thực hiện bởi Chính phủ Liên Xô cũ.\r\n\r\nNăm 1986, nhà máy điện hạt nhân Chernobyl phát nổ và lập tức biến bán kính hàng trăm kilomet xung quanh nó trở thành một vùng đất chết, đồng thời lưu giữ lại mối hiểm họa khổng lồ dưới lòng đất. Tuy nhiên trái với dự đoán của loài người, chỉ sau hơn 30 năm, Chernobyl nhanh chóng hồi sinh với hệ sinh quyển tuyệt vời khác.\r\n\r\nNăm 2120: Tập đoàn Ying Industries đưa ra cảnh báo về khả năng phát nổ của tàn tích Chernobyl, đồng thời lãnh trách nhiệm xử lý hậu quả, nhưng trên thực tế lại che đậy một âm mưu khác. Sử dụng nguồn năng lượng khổng lồ vẫn đang tồn tại ở Chernobyl, tập đoàn Ying muốn xây dựng một trạm phát sóng khổng lồ để phát ra tín hiệu điều khiển sóng não con người nhằm mục tiêu thống trị thế giới. Kế hoạch này thất bại và gây rò rỉ trực tiếp chất độc có hại ra khu vực rừng bao quanh Chernobyl.\r\n\r\nTheo dòng câu chuyện, người đọc sẽ dần tiếp cận với một thế giới vô tiền khoáng hậu với “Hạt Temno” – thứ vật chất thao túng sinh mệnh của vạn vật; Công nghệ thao túng trí não mang tên “Aftermath” cùng những chủng loài sinh vật hoang dã dần có được trí tuệ như con người. Kể từ đây, thế giới rộng lớn thứ kỷ 23 với đầy rẫy những biến động căng thẳng sẽ được mở ra, đan xen lẫn nhau một cách hấp dẫn, hé lộ nên âm mưu thống trị thế giới của một kẻ phản diện “bất tử”.','2024-04-01','2024-04-10',1,11,160500.00),(23,7,'Tiểu thuyết Aftermath – Hậu Duệ Của Thép (Tập 2)','https://imagedelivery.net/qUfEtSOHlgMQ8zObLoE0pg/f77c1fe1-2619-4c69-b88a-1243be045a00/w=705','Trận chiến Rừng Đỏ đã đi tới tàn cục. Một đội quân mới xuất hiện tiếp quản khu rừng, vô tình đào bới lại thân thế bí ẩn của gã lính đánh thuê Yasha. Những chiến binh bóng ma từng ám ảnh quá khứ của Darya Palani tái xuất, ráo riết truy lùng tay người Nhật Mikazuki Sacai.','Trận chiến Rừng Đỏ đã đi tới tàn cục. Một đội quân mới xuất hiện tiếp quản khu rừng, vô tình đào bới lại thân thế bí ẩn của gã lính đánh thuê Yasha. Những chiến binh bóng ma từng ám ảnh quá khứ của Darya Palani tái xuất, ráo riết truy lùng tay người Nhật Mikazuki Sacai. \r\n\r\nCũng trong ngày buồn thảm nhất của khu rừng, một lực lượng cổ xưa trỗi dậy và ban tặng cho Nakil những quyền năng mới: kỳ diệu hơn, nhưng cũng chết chóc hơn. Liệu, đứa con của Rừng Đỏ sẽ sử dụng sức mạnh ấy ra sao? Trở thành một người bảo hộ với đức tin non trẻ, hay bước vào hành trình đen tối của Ác Quỷ Rừng Phế Tích?\r\n\r\nCách xa Chernobyl hơn 7.000 kilomet, một kẻ lạ mặt khác cũng đã bắt đầu hành động dưới danh nghĩa của một tổ chức hùng mạnh, trực tiếp thách thức quyền lực của Ying Industries. Chương mới của thế giới Aftermath sẽ chính thức khai mở với những sự kiện tại Đảo Nhân Tạo Jiinseng, xoay quanh hành trình tìm kiếm đứa con trai của Vi và Ying Fengwong. \r\n\r\nTập 2 của Aftermath Saga: “Hậu Duệ Của Thép” đã sẵn sàng ra mắt.','2024-04-01','2024-04-10',1,15,160500.00),(24,8,'Truyện Tranh Long Thần Tướng – Tập 1','https://imagedelivery.net/qUfEtSOHlgMQ8zObLoE0pg/792e5ba1-8b8f-4125-246d-f449b5ab3700/w=705','“Bước đột phá của truyện tranh dã sử” – Báo Thanh Niên “Sự kiện Long Thần Tướng đang hâm nóng lại niềm đam mê của nhiều người, pha trộn với sự ưu ái dành cho những sản phẩm theo trào lưu thế giới nhưng thuần Việt.” – Báo Tuổi Trẻ “Lần đầu tiên ở Việt Nam, bằng mô hình crowdfunding, dự án xuất bản bộ truyện tranh thuần Việt đã đi đến hồi kết đầy lạc quan.” – Báo Dân Trí','Long Thần Tướng, tập 1 là tác phẩm truyện tranh lịch sử của nhóm vẽ Phong Dương Comics. Được ra mắt vào tháng 11/2014, cuốn sách đã gây tiếng vang lớn trong dư luận và trở thành một trong những sự kiện xuất bản/văn hóa trong năm 2014. Với 330 triệu gây quỹ sản xuất, dự án Long Thần Tướng là dự án gây quỹ cộng đồng thành công nhất Việt Nam từ trước tới nay.','2024-04-01','2024-04-10',1,11,73830.00),(25,8,'Truyện Tranh Long Thần Tướng – Tập 2','https://imagedelivery.net/qUfEtSOHlgMQ8zObLoE0pg/099a5de4-8e7e-4da8-1baf-d4f477c1e800/w=705','“Long Thần Tướng không chỉ là một cuốn truyện tranh mà là một tác phẩm nghệ thuật thật sự đẹp về hình thức lẫn nội dung” – Báo Tuổi Trẻ “Hai tuyến truyện hiện tại và quá khứ đan xen, bổ sung, tương trợ nội dung cho nhau và cùng nhau tạo ra một cốt truyện lôi cuốn.” – VnExpress “Truyện tranh có chất điện ảnh.” – Báo Thể Thao Văn Hóa','Long Thần Tướng là tác phẩm truyện tranh lịch sử của nhóm vẽ Phong Dương Comics. Được ra mắt vào tháng 11/2014, cuốn sách đã gây tiếng vang lớn trong dư luận và trở thành một trong những sự kiện xuất bản/văn hóa trong năm 2014. Với 330 triệu gây quỹ sản xuất, dự án Long Thần Tướng là dự án gây quỹ cộng đồng thành công nhất Việt Nam từ trước tới nay.','2024-04-01','2024-04-10',1,11,73830.00),(26,8,'Truyện Tranh Long Thần Tướng – Tập 3','https://imagedelivery.net/qUfEtSOHlgMQ8zObLoE0pg/18c1a939-c2b9-4545-19e4-73227444dd00/w=705','“Việc “Long Thần Tướng” giành được giải thưởng quốc tế uy tín không chỉ là niềm vui lớn dành cho 2 tác giả cùng những độc giả mến mộ bộ truyện mà còn là niềm vinh dự cho truyện tranh Việt Nam khi lần đầu tiên một bộ truyện tranh lịch sử gây được tiếng vang mang tầm cỡ quốc tế.” – Báo Dân Trí “Ngoài chất lượng, Long thần tướng tập một tạo “cú hích” trong làng truyện tranh Việt. Đây là tác phẩm xuất bản theo hình thức gây quỹ cộng đồng đầu tiên. Sự thành công của hình thức này mở ra một hướng đi mới cho truyện tranh Việt.” – VnExpress','Long Thần Tướng là tác phẩm truyện tranh lịch sử của nhóm vẽ Phong Dương Comics. Được ra mắt vào tháng 11/2014, cuốn sách đã gây tiếng vang lớn trong dư luận và trở thành một trong những sự kiện xuất bản/văn hóa trong năm 2014. Với 330 triệu gây quỹ sản xuất, dự án Long Thần Tướng là dự án gây quỹ cộng đồng thành công nhất Việt Nam từ trước tới nay.','2024-04-01','2024-04-10',1,12,73830.00),(27,8,'Truyện Tranh Long Thần Tướng – Tập 4','https://imagedelivery.net/qUfEtSOHlgMQ8zObLoE0pg/c51c2cf2-658b-42f6-e91c-c8d09ff1b600/w=705','“Long Thần Tướng là một cuốn tiểu thuyết hình ảnh tuyệt vời của Việt Nam, được vẽ rất thuyết phục và vẽ một cách tuyệt vời. Sự pha trộn giữa yếu tố thực tế, và hư cấu của tác phẩm được đối chiếu với các câu chuyện trong quá khứ và hiện tại của đất nước. Đây là một tác phẩm truyện tranh đẳng cấp cần được thưởng thức và ca ngợi trên toàn thế giới.” – Paul Gravett, nhà phê bình truyện tranh. Tác giả của MANGASIA: Cẩm nang nhập môn truyện tranh Châu Á. Chủ biên của 1001 tác phẩm truyện tranh mà bạn đọc phải đọc trước khi chết.','Long Thần Tướng là tác phẩm truyện tranh lịch sử của nhóm vẽ Phong Dương Comics. Được ra mắt vào tháng 11/2014, cuốn sách đã gây tiếng vang lớn trong dư luận và trở thành một trong những sự kiện xuất bản/văn hóa trong năm 2014. Với 330 triệu gây quỹ sản xuất, dự án Long Thần Tướng là dự án gây quỹ cộng đồng thành công nhất Việt Nam từ trước tới nay.','2024-04-01','2024-04-10',1,20,73830.00),(28,1,'Tai Mèo & Mặt Ngầu 3: Ổ Mèo náo loạn','https://imagedelivery.net/qUfEtSOHlgMQ8zObLoE0pg/0264cc1b-6b47-431a-3f2a-1a4b7ddc6f00/w=705','Cuốn sách Ổ Mèo náo loạn là một bộ truyện ngắn mang tính tự sự, nói về tình yêu của tác giả Mèo Mun Đen. Bộ truyện khi được xuất bản trên FB cá nhân của tác giả, đã được đón nhận vô cùng nồng nhiệt trong giới trẻ cả nước! Bạn có thể đọc online bộ truyện của Mèo Mun Đen tại đây.','Cuốn sách Ổ Mèo náo loạn là một bộ truyện ngắn mang tính tự sự, nói về tình yêu của tác giả Mèo Mun Đen. Bộ truyện khi được xuất bản trên FB cá nhân của tác giả, đã được đón nhận vô cùng nồng nhiệt trong giới trẻ cả nước!\r\n\r\nBạn có thể đọc online bộ truyện của Mèo Mun Đen tại đây.','2024-04-01','2024-04-10',1,18,84530.00),(29,4,'Nhóm Máu O – Tập 1','https://imagedelivery.net/qUfEtSOHlgMQ8zObLoE0pg/9bcfc2bf-3497-4897-5a86-fdf67b089600/w=705','Tháng 2/2015, bắt nguồn từ 1 group kín của cộng đồng thí sinh cuộc thi đường lên đỉnh Olympia trên mạng, anh Hoàng Dương, 1 thí sinh thi Olympia năm 2001 đã có ý tưởng “Làm một cuốn truyện tranh nói về tinh thần Chinh phục đỉnh cao của cuộc thi Olympia.','Tháng 2/2015, bắt nguồn từ 1 group kín của cộng đồng thí sinh cuộc thi đường lên đỉnh Olympia trên mạng, anh Hoàng Dương, 1 thí sinh thi Olympia năm 2001 đã có ý tưởng “Làm một cuốn truyện tranh nói về tinh thần Chinh phục đỉnh cao của cuộc thi Olympia.','2024-04-01','2024-04-10',1,13,31030.00),(30,4,'Nhóm Máu O – Tập 3','https://imagedelivery.net/qUfEtSOHlgMQ8zObLoE0pg/e4069a92-1aaf-42fa-627a-f5acc2aca500/w=705','Cuốn sách Nhóm Máu O – Tập 3 của tác giả Dương Minh Đức, hiện đang mở bán trên Comicola! Phiên bản online của truyện có thể đọc tại đây','Tháng 2/2015, bắt nguồn từ 1 group kín của cộng đồng thí sinh cuộc thi đường lên đỉnh Olympia trên mạng, anh Hoàng Dương, 1 thí sinh thi Olympia năm 2001 đã có ý tưởng “Làm một cuốn truyện tranh nói về tinh thần Chinh phục đỉnh cao của cuộc thi Olympia.','2024-04-01','2024-04-10',1,10,48150.00),(31,4,'Nhóm Máu O – Tập 4','https://imagedelivery.net/qUfEtSOHlgMQ8zObLoE0pg/9bcfc2bf-3497-4897-5a86-fdf67b089600/w=705','Cuốn sách Nhóm Máu O – Tập 4 của tác giả Dương Minh Đức, hiện đang mở bán trên Comicola! Phiên bản online của truyện có thể đọc tại đây','Tháng 2/2015, bắt nguồn từ 1 group kín của cộng đồng thí sinh cuộc thi đường lên đỉnh Olympia trên mạng, anh Hoàng Dương, 1 thí sinh thi Olympia năm 2001 đã có ý tưởng “Làm một cuốn truyện tranh nói về tinh thần Chinh phục đỉnh cao của cuộc thi Olympia.','2024-04-01','2024-04-10',1,12,48150.00),(32,4,'Tuyển Tập Oneshot Của Dương Đức','https://shop.comicola.com/wp-content/uploads/2024/03/DDO_PT.jpg','“Tuyển Tập Oneshot Của Dương Đức” là tập hợp những truyện ngắn của Dương Đức và 2 chương đầu của “Mặt trời nơi vực thẳm”, kèm theo những trang truyện chưa từng được public bao giờ!','“Tuyển Tập Oneshot Của Dương Đức” là tập hợp những truyện ngắn của Dương Đức và 2 chương đầu của “Mặt trời nơi vực thẳm”, kèm theo những trang truyện chưa từng được public bao giờ!','2024-04-01','2024-04-10',1,20,90950.00),(33,NULL,'Nghe Bảo Tôi Là Con Gái Của Vua – Tập 1','https://imagedelivery.net/qUfEtSOHlgMQ8zObLoE0pg/ee78ffde-01bc-4619-5ef5-4bfcf6234c00/w=705','Cuốn sách Nghe bảo tôi là con gái của vua – tập 1 của tác giả Hàn Quốc Bi Chu, họa sĩ Legna Kim được mở bán trên Comicola. Sách sẽ được phát hành vào đầu tháng 3/2019.\r\n\r\nPhiên bản bán trên Comicola bao gồm:\r\n\r\nMột cuốn truyện tranh Nghe bảo tôi là con gái của vua – tập 1.\r\nMột Postcard độc quyền chỉ bán tại Comicola.\r\nPhiên bản online của truyện có thể đọc tại đây','Nghe Bảo Tôi Là Con Gái Vua là bộ webtoon Hàn Quốc đình đám được Comicola mua bản quyền. Bộ truyện đứng thứ nhất trên bảng xếp hạng Tapas, đồng thời luôn nằm trong top các bộ webtoon ăn khách tại Trung, Hàn, Nhật hai năm gần đây. Với nội dung siêu hài hước cùng những tình huống dở khóc dở cười, truyện đã nhận được nhiều độc giả quan tâm, đón đọc. Comicola là đơn vị duy nhất tại Việt Nam nắm giữ bản quyền tác phẩm. Sắp tới, bộ truyện sẽ được xuất bản và đến gần hơn với độc giả.\r\n\r\nNghe Bảo Tôi Là Con Gái Vua nói về cô gái trẻ Kim Tú Vi đang tận hưởng cuộc sống hạnh phúc cùng người yêu, nữ chính bỗng rơi vào tình huống vô cùng oái ăm khi xuyên không trở thành một nàng công chúa. Những tưởng đây sẽ là một điều may mắn với cô khi được sống trong vương giả nhung lụa, chỉ tiếc cô đã xuyên đến một thế giới với tư tưởng trọng nam khinh nữ vô cùng kì quái. Liệu sự xuất hiện của cô công chúa nhỏ có thể thay đổi định kiến nặng nề và vận mệnh của chính minh?','2024-04-01','2024-04-10',1,12,101650.00),(34,NULL,'Nghe Bảo Tôi Là Con Gái Của Vua – Tập 2','https://imagedelivery.net/qUfEtSOHlgMQ8zObLoE0pg/9b668af8-49b4-4da3-b635-31c805725100/w=705','Cuốn sách Nghe bảo tôi là con gái của vua – tập 2 của tác giả Hàn Quốc Bi Chu, họa sĩ Legna Kim được mở bán trên Comicola. Sách sẽ được phát hành vào đầu tháng 4/2019.','Nghe Bảo Tôi Là Con Gái Vua là bộ webtoon Hàn Quốc đình đám được Comicola mua bản quyền. Bộ truyện đứng thứ nhất trên bảng xếp hạng Tapas, đồng thời luôn nằm trong top các bộ webtoon ăn khách tại Trung, Hàn, Nhật hai năm gần đây. Với nội dung siêu hài hước cùng những tình huống dở khóc dở cười, truyện đã nhận được nhiều độc giả quan tâm, đón đọc. Comicola là đơn vị duy nhất tại Việt Nam nắm giữ bản quyền tác phẩm. Sắp tới, bộ truyện sẽ được xuất bản và đến gần hơn với độc giả.\r\n\r\nNghe Bảo Tôi Là Con Gái Vua nói về cô gái trẻ Kim Tú Vi đang tận hưởng cuộc sống hạnh phúc cùng người yêu, nữ chính bỗng rơi vào tình huống vô cùng oái ăm khi xuyên không trở thành một nàng công chúa. Những tưởng đây sẽ là một điều may mắn với cô khi được sống trong vương giả nhung lụa, chỉ tiếc cô đã xuyên đến một thế giới với tư tưởng trọng nam khinh nữ vô cùng kì quái. Liệu sự xuất hiện của cô công chúa nhỏ có thể thay đổi định kiến nặng nề và vận mệnh của chính minh?','2024-04-01','2024-04-10',1,12,101650.00),(35,NULL,'Nghe Bảo Tôi Là Con Gái Của Vua – Tập 3','https://imagedelivery.net/qUfEtSOHlgMQ8zObLoE0pg/44e0ad27-1d68-4168-de0d-e4bf94279b00/w=705','Cuốn sách Nghe bảo tôi là con gái của vua – tập 3 của tác giả Hàn Quốc Bi Chu, họa sĩ Legna Kim được mở bán trên Comicola. Sách sẽ được phát hành vào đầu tháng 5/2019.','Nghe Bảo Tôi Là Con Gái Vua là bộ webtoon Hàn Quốc đình đám được Comicola mua bản quyền. Bộ truyện đứng thứ nhất trên bảng xếp hạng Tapas, đồng thời luôn nằm trong top các bộ webtoon ăn khách tại Trung, Hàn, Nhật hai năm gần đây. Với nội dung siêu hài hước cùng những tình huống dở khóc dở cười, truyện đã nhận được nhiều độc giả quan tâm, đón đọc. Comicola là đơn vị duy nhất tại Việt Nam nắm giữ bản quyền tác phẩm. Sắp tới, bộ truyện sẽ được xuất bản và đến gần hơn với độc giả.\r\n\r\nNghe Bảo Tôi Là Con Gái Vua nói về cô gái trẻ Kim Tú Vi đang tận hưởng cuộc sống hạnh phúc cùng người yêu, nữ chính bỗng rơi vào tình huống vô cùng oái ăm khi xuyên không trở thành một nàng công chúa. Những tưởng đây sẽ là một điều may mắn với cô khi được sống trong vương giả nhung lụa, chỉ tiếc cô đã xuyên đến một thế giới với tư tưởng trọng nam khinh nữ vô cùng kì quái. Liệu sự xuất hiện của cô công chúa nhỏ có thể thay đổi định kiến nặng nề và vận mệnh của chính mình?','2024-04-01','2024-04-10',1,13,101650.00),(36,NULL,'Nghe Bảo Tôi Là Con Gái Của Vua – Tập 4','https://imagedelivery.net/qUfEtSOHlgMQ8zObLoE0pg/d9be846c-e51d-4594-94a9-5d86871afe00/w=705','Cuốn sách Nghe bảo tôi là con gái của vua – tập 4 của tác giả Hàn Quốc Bi Chu, họa sĩ Legna Kim được phát trên toàn quốc. Sách sẽ được phát hành vào 18/3/2020','Nghe Bảo Tôi Là Con Gái Vua là bộ webtoon Hàn Quốc đình đám được Comicola mua bản quyền. Bộ truyện đứng thứ nhất trên bảng xếp hạng Tapas, đồng thời luôn nằm trong top các bộ webtoon ăn khách tại Trung, Hàn, Nhật hai năm gần đây. Với nội dung siêu hài hước cùng những tình huống dở khóc dở cười, truyện đã nhận được nhiều độc giả quan tâm, đón đọc. Comicola là đơn vị duy nhất tại Việt Nam nắm giữ bản quyền tác phẩm. Sắp tới, bộ truyện sẽ được xuất bản và đến gần hơn với độc giả.\r\n\r\nNghe Bảo Tôi Là Con Gái Vua nói về cô gái trẻ Kim Tú Vi đang tận hưởng cuộc sống hạnh phúc cùng người yêu, nữ chính bỗng rơi vào tình huống vô cùng oái ăm khi xuyên không trở thành một nàng công chúa. Những tưởng đây sẽ là một điều may mắn với cô khi được sống trong vương giả nhung lụa, chỉ tiếc cô đã xuyên đến một thế giới với tư tưởng trọng nam khinh nữ vô cùng kì quái. Liệu sự xuất hiện của cô công chúa nhỏ có thể thay đổi định kiến nặng nề và vận mệnh của chính minh?','2024-04-01','2024-04-10',1,19,101650.00),(37,NULL,'Nghe Bảo Tôi Là Con Gái Của Vua – Tập 5','https://imagedelivery.net/qUfEtSOHlgMQ8zObLoE0pg/bf78912f-87da-4d13-d007-3d47d93d9700/w=705','Cuốn sách Nghe bảo tôi là con gái của vua – tập 5 của tác giả Hàn Quốc Bi Chu, họa sĩ Legna Kim được phát trên toàn quốc. Sách sẽ được phát hành vào ngày 25/09/2020','Nghe Bảo Tôi Là Con Gái Vua là bộ webtoon Hàn Quốc đình đám được Comicola mua bản quyền. Bộ truyện đứng thứ nhất trên bảng xếp hạng Tapas, đồng thời luôn nằm trong top các bộ webtoon ăn khách tại Trung, Hàn, Nhật hai năm gần đây. Với nội dung siêu hài hước cùng những tình huống dở khóc dở cười, truyện đã nhận được nhiều độc giả quan tâm, đón đọc. Comicola là đơn vị duy nhất tại Việt Nam nắm giữ bản quyền tác phẩm. Sắp tới, bộ truyện sẽ được xuất bản và đến gần hơn với độc giả.\r\n\r\nNghe Bảo Tôi Là Con Gái Vua nói về cô gái trẻ Kim Tú Vi đang tận hưởng cuộc sống hạnh phúc cùng người yêu, nữ chính bỗng rơi vào tình huống vô cùng oái ăm khi xuyên không trở thành một nàng công chúa. Những tưởng đây sẽ là một điều may mắn với cô khi được sống trong vương giả nhung lụa, chỉ tiếc cô đã xuyên đến một thế giới với tư tưởng trọng nam khinh nữ vô cùng kì quái. Liệu sự xuất hiện của cô công chúa nhỏ có thể thay đổi định kiến nặng nề và vận mệnh của chính mình?','2024-04-01','2024-04-10',1,16,101650.00);
/*!40000 ALTER TABLE `product` ENABLE KEYS */;
UNLOCK TABLES;

--
-- Table structure for table `product_category`
--

DROP TABLE IF EXISTS `product_category`;
/*!40101 SET @saved_cs_client     = @@character_set_client */;
/*!50503 SET character_set_client = utf8mb4 */;
CREATE TABLE `product_category` (
  `id_Product` int NOT NULL,
  `id_Category` int NOT NULL,
  PRIMARY KEY (`id_Product`,`id_Category`),
  KEY `FK_category` (`id_Category`),
  CONSTRAINT `FK_category` FOREIGN KEY (`id_Category`) REFERENCES `category` (`id`),
  CONSTRAINT `FK_product` FOREIGN KEY (`id_Product`) REFERENCES `product` (`id`)
) ENGINE=InnoDB DEFAULT CHARSET=utf8mb4 COLLATE=utf8mb4_0900_ai_ci;
/*!40101 SET character_set_client = @saved_cs_client */;

--
-- Dumping data for table `product_category`
--

LOCK TABLES `product_category` WRITE;
/*!40000 ALTER TABLE `product_category` DISABLE KEYS */;
INSERT INTO `product_category` VALUES (1,2),(4,2),(5,2),(15,3),(22,3),(23,3),(29,3),(30,3),(31,3),(1,4),(20,4),(32,4),(4,5),(8,5),(9,5),(10,5),(11,5),(12,5),(13,5),(14,5),(17,5),(18,5),(19,5),(21,5),(29,5),(30,5),(31,5),(33,5),(34,5),(35,5),(36,5),(37,5),(2,6),(16,6),(3,7),(17,7),(18,7),(19,7),(21,7),(24,8),(25,8),(26,8),(27,8),(4,9),(6,9),(7,9),(20,9);
/*!40000 ALTER TABLE `product_category` ENABLE KEYS */;
UNLOCK TABLES;

--
-- Table structure for table `role`
--

DROP TABLE IF EXISTS `role`;
/*!40101 SET @saved_cs_client     = @@character_set_client */;
/*!50503 SET character_set_client = utf8mb4 */;
CREATE TABLE `role` (
  `id` int NOT NULL AUTO_INCREMENT,
  `name` varchar(30) CHARACTER SET utf8mb4 COLLATE utf8mb4_general_ci NOT NULL,
  `status` int NOT NULL COMMENT 'Trạng thái',
  PRIMARY KEY (`id`)
) ENGINE=InnoDB AUTO_INCREMENT=10 DEFAULT CHARSET=utf8mb4 COLLATE=utf8mb4_general_ci;
/*!40101 SET character_set_client = @saved_cs_client */;

--
-- Dumping data for table `role`
--

LOCK TABLES `role` WRITE;
/*!40000 ALTER TABLE `role` DISABLE KEYS */;
INSERT INTO `role` VALUES (1,'user',1),(2,'admin',1),(3,'employee',1),(4,'manager',1),(7,'stock employee',1);
/*!40000 ALTER TABLE `role` ENABLE KEYS */;
UNLOCK TABLES;

--
-- Table structure for table `role_permissions`
--

DROP TABLE IF EXISTS `role_permissions`;
/*!40101 SET @saved_cs_client     = @@character_set_client */;
/*!50503 SET character_set_client = utf8mb4 */;
CREATE TABLE `role_permissions` (
  `role_id` int DEFAULT NULL,
  `permission_id` int DEFAULT NULL,
  KEY `role_id` (`role_id`),
  KEY `permission_id` (`permission_id`),
  CONSTRAINT `role_permissions_ibfk_1` FOREIGN KEY (`role_id`) REFERENCES `role` (`id`),
  CONSTRAINT `role_permissions_ibfk_2` FOREIGN KEY (`permission_id`) REFERENCES `permissions` (`id`)
) ENGINE=InnoDB DEFAULT CHARSET=utf8mb4 COLLATE=utf8mb4_0900_ai_ci;
/*!40101 SET character_set_client = @saved_cs_client */;

--
-- Dumping data for table `role_permissions`
--

LOCK TABLES `role_permissions` WRITE;
/*!40000 ALTER TABLE `role_permissions` DISABLE KEYS */;
INSERT INTO `role_permissions` VALUES (4,1),(4,2),(4,4),(2,29),(2,26),(2,27),(2,28),(4,16),(4,12),(7,2),(7,4),(3,9),(3,5),(3,6),(3,7),(3,8),(3,10),(2,16),(2,13),(2,14),(2,15),(4,3),(4,18),(4,17),(4,19),(4,43),(4,45),(4,44),(4,42),(4,25),(4,20),(4,35),(4,36),(4,37),(4,34),(4,40),(4,38),(4,41),(4,39),(3,12),(7,21),(7,23),(7,22),(7,24),(2,25),(4,33),(7,30),(7,31),(7,33),(7,32),(7,25),(3,25);
/*!40000 ALTER TABLE `role_permissions` ENABLE KEYS */;
UNLOCK TABLES;

--
-- Table structure for table `user`
--

DROP TABLE IF EXISTS `user`;
/*!40101 SET @saved_cs_client     = @@character_set_client */;
/*!50503 SET character_set_client = utf8mb4 */;
CREATE TABLE `user` (
  `id` int NOT NULL AUTO_INCREMENT,
  `role_id` int NOT NULL,
  `email` varchar(150) CHARACTER SET utf8mb4 COLLATE utf8mb4_general_ci NOT NULL COMMENT 'email',
  `password` varchar(255) CHARACTER SET utf8mb4 COLLATE utf8mb4_general_ci NOT NULL COMMENT 'Mật khẩu',
  `status` int NOT NULL COMMENT 'Trạng thái',
  `first_name` varchar(200) CHARACTER SET utf8mb4 COLLATE utf8mb4_general_ci DEFAULT NULL,
  `last_name` varchar(200) CHARACTER SET utf8mb4 COLLATE utf8mb4_general_ci DEFAULT NULL,
  `fullname` varchar(200) CHARACTER SET utf8mb4 COLLATE utf8mb4_general_ci DEFAULT NULL,
  `phone_number` varchar(20) CHARACTER SET utf8mb4 COLLATE utf8mb4_general_ci DEFAULT NULL,
  `address` varchar(200) CHARACTER SET utf8mb4 COLLATE utf8mb4_general_ci DEFAULT NULL,
  `publicKey_Token` text CHARACTER SET utf8mb4 COLLATE utf8mb4_general_ci,
  `publicKey_RefreshToken` text CHARACTER SET utf8mb4 COLLATE utf8mb4_general_ci,
  `RefreshToken` text CHARACTER SET utf8mb4 COLLATE utf8mb4_general_ci,
  PRIMARY KEY (`id`),
  KEY `fk_user_role` (`role_id`) USING BTREE,
  CONSTRAINT `fk_user_role` FOREIGN KEY (`role_id`) REFERENCES `role` (`id`)
) ENGINE=InnoDB AUTO_INCREMENT=16 DEFAULT CHARSET=utf8mb4 COLLATE=utf8mb4_general_ci;
/*!40101 SET character_set_client = @saved_cs_client */;

--
-- Dumping data for table `user`
--

LOCK TABLES `user` WRITE;
/*!40000 ALTER TABLE `user` DISABLE KEYS */;
INSERT INTO `user` VALUES (13,1,'levantrung14032004@gmail.com','$2b$10$wzCF3IpyfDdoSNW5jQSsOuOGpPUDacqUuxmWJYEIM.46OI08T1mxS',1,NULL,NULL,' ','',', undefined, , ','-----BEGIN RSA PUBLIC KEY-----\nMIIBCgKCAQEApIZJXm0kmOk5xDNmfgys3YE4XJR8YSIpWwT6pk0LDrcfv3smTP+D\nid/KALBeniE0fqP9VUdEs7Apo/CcO0WskNrJP8u5IuECgz2ybnkni99rcLvNOPlq\nLmpEdp6HKOV5fwJj+1ivKe7y/ULTxoEPtr9MNteCIYLXahTQTLFSzqBzcWWyA2oY\nuP1hhbqW+8af8F4gGcarPY0e+JbyxQ1EUQMUerW/6UnxN5sgItlQxWnVeU5S7bxS\ntxzg7IUxAQ6WOr3p36+25DDPVy5I9/KXzLKYj31ToZa04rUJGb9U8MfXXS9uUtx+\nmKpelFZtBAbtleNI1hcAsIrozcymCcYWdwIDAQAB\n-----END RSA PUBLIC KEY-----\n','-----BEGIN RSA PUBLIC KEY-----\nMIIBCgKCAQEAuz8szwPpxV688MHOtA9Lwm1iraylQolit2aADJPt+T5VQmJaVthM\nOwmuc+q+72S1WkXa2qxa2aGxvt79d7LRTuhq/GXezsWw8ebj8iKRnCbKr1XPmLXt\nvgvppI8JYTU1YU1bTb6SXqUi6DqzPXrxbVdiX78SHC5iD5DOWoAJzS7LHtJdYK8z\nE5cN5z8cizmxaPAJoEyi3qOcOAlqJhi5Vkz9bqz+jsJLbF30NFiw6/B7Y4Ivl1a8\nh++Sudk8uPlSnO/JcPOa1SQSwu3K+b8S5bB/nAjlI0mH6GGJm94iN0wBpJXiNAZF\nGMIIRz2xLaEHct5A01IGXljrNR04LcvthQIDAQAB\n-----END RSA PUBLIC KEY-----\n','eyJhbGciOiJSUzI1NiIsInR5cCI6IkpXVCJ9.eyJpZCI6MTMsInVzZXJBZ2VudCI6Ik1vemlsbGEvNS4wIChXaW5kb3dzIE5UIDEwLjA7IFdpbjY0OyB4NjQpIEFwcGxlV2ViS2l0LzUzNy4zNiAoS0hUTUwsIGxpa2UgR2Vja28pIENocm9tZS8xMzEuMC4wLjAgU2FmYXJpLzUzNy4zNiIsImlwQWRkcmVzcyI6Ijo6MSIsImlzc3VlZEF0IjoxNzMyODk2NDk4Njk5LCJpYXQiOjE3MzI4OTY0OTgsImV4cCI6NDMyNDg5NjQ5OH0.dvv7Gi3ghbwTABrTDPJdgMV_wEIeOZhnPBnBlyq0tAeOCuD4hQaly7BG3ru5p1GJJGl0oMpGCMltq-xoukfVwVoOw8qfpTe4zWThQrt-7bCicz2Hy0wW3sxMlj1WM0ApVxdXdF6vQ_7gth6r70rDmwH-luirk6RpxKWmriHhQE9erbCbpduej-vGEXuU1LyUlVd8e-SNprMd9P2lngDKq0O7yFfssPX6C4SCe6AQEHGADS46JYSOA4-vTtTgsEqwTEmGyRILKvkwUuWMQh0dZRk1CALswxU3CS5ifl4OcFNgilJWH9mrK1iEtMpY-vSzgv2v4ENtiXU4senPlpFf5Q'),(14,1,'customer@gmail.com','$2b$10$1Do1RPqlNEjD9dVAALlNK.UqrSdyDzWRSGpp2yVVPMYVxHbKFNugG',1,NULL,NULL,NULL,NULL,NULL,NULL,NULL,NULL),(15,1,'nguyencongtrung13@gmail.com','$2b$10$dlie4xbeB3sS6kUQsYvxPeYA9nD/DIrdxur9Kglpl5xMG4iGFhGFm',1,NULL,NULL,NULL,NULL,NULL,'-----BEGIN RSA PUBLIC KEY-----\nMIIBCgKCAQEArem2aX1/jYeotaJL3ajrW4My+HoJhmZ0k/0TzWwsAH3InT2KzDsq\nIOLEA4L+6HzVc21DL6Qm8E1oTON8yep/M4NKkeF9w1otFqqw7JraP/KZ7tyaigj3\naiqME07VOKRmJCrnphe4SANYfSK40Wj21SAdS7AMBEGLk9ZdTchg/SrtuySomsqL\nFxymkOex9KfPF7ux3UrcqtDtoVp5YaippedFeAG0bR9t9aTYYRhp7JerclkSXrhA\n4feUz2JgYSUZLKWJizI4JrKmnI8oGjmWQrv2jvmJRwdczpBx5hdTLlYvojFhEMP0\n+/0toCEI1/rWYoBZEaxntuLh+D+ZRWTs4QIDAQAB\n-----END RSA PUBLIC KEY-----\n','-----BEGIN RSA PUBLIC KEY-----\nMIIBCgKCAQEAsMt4G+889T+eFGj6PLY6NAhq4+OFvkXDAtRqqTpNQRmIvGoyOC7/\n4aopCBqfaqm5/1kjedPFWKfSCvrI76Azq4cDy0Bot2E5FP/IKbnaHsliU12LB0NY\n+5LR71T/CXOokJQCtDpjzTUVkMpH5ay9XYGHvEz0kIwNp7NAGE0cQxtDb14foy+I\nKtptPxMDRWpIHzS1Y9PUcJi05VHZGJcTqZh4u1WH+I6kvU8OS4o9UspDYdYVZ++A\nGis5onA+zt3bKJHm6vMxHqhHTWhme0FWbzUr7aN+4yK4l0kvVPrDv7QObwW0Q1I1\njfjtUMETPHnje+YjtjbqwvSeZN1c2zthhwIDAQAB\n-----END RSA PUBLIC KEY-----\n','eyJhbGciOiJSUzI1NiIsInR5cCI6IkpXVCJ9.eyJpZCI6MTUsInVzZXJBZ2VudCI6Ik1vemlsbGEvNS4wIChMaW51eDsgQW5kcm9pZCA2LjA7IE5leHVzIDUgQnVpbGQvTVJBNThOKSBBcHBsZVdlYktpdC81MzcuMzYgKEtIVE1MLCBsaWtlIEdlY2tvKSBDaHJvbWUvMTM2LjAuMC4wIE1vYmlsZSBTYWZhcmkvNTM3LjM2IiwiaXBBZGRyZXNzIjoiOjoxIiwiaXNzdWVkQXQiOjE3NDcxNDU3NDE4MzgsImlhdCI6MTc0NzE0NTc0MiwiZXhwIjo0MzM5MTQ1NzQyfQ.SJhCU65_ZmbVo_gXEQuHbf830rwhHqHjYE4zjHJwrtTtWXuitgb-CQhbdI0QJf_5Bfxs4tGIBEIFUOLq9LkWV9Pk_2AawxbBwWv63Hx-S8fag32lvNE0yYtsVfNEQ6H3ShXc4LEqegCeZ3BvvlLS2CRbxXTzf60XvOR6lYUxGIqGEPLUoHSFgOr9-w0mfxSOgbq0QB6Axfd2E75g1X3xRZlgixCLpHOMk-Ahkmpta702wWHXZ0r2I8zVg86k8U9dRQoVBwDBazhaqnZyhBETICHAysRMep4VhZhGj6wgupJKbCbuyQ7Lfkmm30cKvkeaEX01NPr3IBkL7xZu17ig3w');
/*!40000 ALTER TABLE `user` ENABLE KEYS */;
UNLOCK TABLES;
/*!40103 SET TIME_ZONE=@OLD_TIME_ZONE */;

/*!40101 SET SQL_MODE=@OLD_SQL_MODE */;
/*!40014 SET FOREIGN_KEY_CHECKS=@OLD_FOREIGN_KEY_CHECKS */;
/*!40014 SET UNIQUE_CHECKS=@OLD_UNIQUE_CHECKS */;
/*!40101 SET CHARACTER_SET_CLIENT=@OLD_CHARACTER_SET_CLIENT */;
/*!40101 SET CHARACTER_SET_RESULTS=@OLD_CHARACTER_SET_RESULTS */;
/*!40101 SET COLLATION_CONNECTION=@OLD_COLLATION_CONNECTION */;
/*!40111 SET SQL_NOTES=@OLD_SQL_NOTES */;

-- Dump completed on 2025-07-08 17:37:48
